ショップ名,JANコード,商品名,商品画像URL,商品画像URL2,商品画像URL3,商品画像URL4,商品価格,商品ページURL,ASIN,USアマゾンでの商品名,USアマゾンでの商品価格
"縁日玩具卸 株式会社大国屋の通販サイト",4538290617883,"アクリル　ゴールドラッシュ ＫＩＳ６１７８８　【単価￥１５００】１入　う１３",http://img13.shop-pro.jp/PA01072/916/product/42524657.jpg?20130304141033,http://img13.shop-pro.jp/PA01072/916/product/42524657_o1.jpg?20130304141033,http://img13.shop-pro.jp/PA01072/916/product/42524657_o2.JPG?20120424110437,,1620,http://d-kokuya.shop-pro.jp/?pid=http://img13.shop-pro.jp/PA01072/916/product/42524657_o2.JPG?20120424110437,B008H1MIW2,"Salvation for gold bullion Gold Rush 800g input (japan import)",3867
"縁日玩具卸 株式会社大国屋の通販サイト",4978902003190,キティ　かんごふさんバッグ　【単価￥７２０】１入　,http://img13.shop-pro.jp/PA01072/916/product/47636819.jpg?20120823154521,http://img13.shop-pro.jp/PA01072/916/product/47636819_o1.jpg?20120823154521,http://img13.shop-pro.jp/PA01072/916/product/47636819_o2.jpg?20120823154521,http://img13.shop-pro.jp/PA01072/916/product/47636819_o3.jpg?20120823154521,778,http://d-kokuya.shop-pro.jp/?pid=http://img13.shop-pro.jp/PA01072/916/product/47636819_o3.jpg?20120823154521,B0068E1SE4,"Hello Kitty Nurse Bag Mini",1037
"縁日玩具卸 株式会社大国屋の通販サイト",4562272006952,【お買い得】ワンピース６穴システム手帳　【単価￥３５】１２入,http://img13.shop-pro.jp/PA01072/916/product/66922954.jpg?cmsp_timestamp=20160116122240,http://img13.shop-pro.jp/PA01072/916/product/66922954_o1.jpg?cmsp_timestamp=20160116122240,http://img13.shop-pro.jp/PA01072/916/product/66922954_o2.jpg?20131120101310,http://img13.shop-pro.jp/PA01072/916/product/66922954_o3.jpg?cmsp_timestamp=20160116122240,454,http://d-kokuya.shop-pro.jp/?pid=http://img13.shop-pro.jp/PA01072/916/product/66922954_o3.jpg?cmsp_timestamp=20160116122240,B00IXNNAP8,"Japanese Anime ""ONE PIECE"" Personal Organizer (Yellow)",700
"縁日玩具卸 株式会社大国屋の通販サイト",4562272007058,ワンピース　８Ｐ色鉛筆　【単価￥２４】２４入,http://img13.shop-pro.jp/PA01072/916/product/68220868.jpg?20131216160646,http://img13.shop-pro.jp/PA01072/916/product/68220868_o1.jpg?20131216160646,http://img13.shop-pro.jp/PA01072/916/product/68220868_o2.jpg?20131216160646,http://img13.shop-pro.jp/PA01072/916/product/68220868_o3.jpg?20131216160646,622,http://d-kokuya.shop-pro.jp/?pid=http://img13.shop-pro.jp/PA01072/916/product/68220868_o3.jpg?20131216160646,B017Z3F8GU,"Japanese Anime ""ONE PIECE"" mini colored pencil set",977
"縁日玩具卸 株式会社大国屋の通販サイト",4546267016713,【お買い得】ワンピース大判巾着　【単価￥５０】１２入,http://img13.shop-pro.jp/PA01072/916/product/69260288.jpg?cmsp_timestamp=20160202091939,http://img13.shop-pro.jp/PA01072/916/product/69260288_o1.jpg?cmsp_timestamp=20160202091939,http://img13.shop-pro.jp/PA01072/916/product/69260288_o2.jpg?20140109153209,http://img13.shop-pro.jp/PA01072/916/product/69260288_o3.jpg?cmsp_timestamp=20160202091939,648,http://d-kokuya.shop-pro.jp/?pid=http://img13.shop-pro.jp/PA01072/916/product/69260288_o3.jpg?cmsp_timestamp=20160202091939,B00L18LG4E,"11"" X 8.3""(inch) ONE Piece & Characters Purse",4200
"縁日玩具卸 株式会社大国屋の通販サイト",4510133257142,ディズニーオールスター顔柄ミニタオル　【単価￥３６】２４入,http://img13.shop-pro.jp/PA01072/916/product/76749804.jpg?cmsp_timestamp=20150528114128,http://img13.shop-pro.jp/PA01072/916/product/76749804_o1.jpg?cmsp_timestamp=20150528114128,http://img13.shop-pro.jp/PA01072/916/product/76749804_o2.jpg?20140623120647,,933,http://d-kokuya.shop-pro.jp/?pid=http://img13.shop-pro.jp/PA01072/916/product/76749804_o2.jpg?20140623120647,B00LP9AL40,"Disney All-Star face pattern Mini Towel Disney Face Mini Towel [ 24 ] type set",1729
"縁日玩具卸 株式会社大国屋の通販サイト",4991685140043,学校２　消しゴム　【単価￥２８】６０入,http://img13.shop-pro.jp/PA01072/916/product/78759245.jpg?20140805105323,http://img13.shop-pro.jp/PA01072/916/product/78759245_o1.jpg?20140805105323,http://img13.shop-pro.jp/PA01072/916/product/78759245_o2.jpg?20140805105323,http://img13.shop-pro.jp/PA01072/916/product/78759245_o3.jpg?20140805105323,1814,http://d-kokuya.shop-pro.jp/?pid=http://img13.shop-pro.jp/PA01072/916/product/78759245_o3.jpg?20140805105323,B00NF0AJ7Q,"Iwako New 2014 Extracurricular Erasers 6 Pieces Randomly Picked",698
"縁日玩具卸 株式会社大国屋の通販サイト",4991685961129,けしごむコレクション　サッカーボール　【単価￥２８】６０入,http://img13.shop-pro.jp/PA01072/916/product/80074747.jpg?20140901142705,http://img13.shop-pro.jp/PA01072/916/product/80074747_o1.jpg?20140901142705,http://img13.shop-pro.jp/PA01072/916/product/80074747_o2.jpg?20140901142705,,1814,http://d-kokuya.shop-pro.jp/?pid=http://img13.shop-pro.jp/PA01072/916/product/80074747_o2.jpg?20140901142705,B001BKW1JQ,"Iwako Japanese Eraser",249
"縁日玩具卸 株式会社大国屋の通販サイト",4971413011074,トーマスＧＯ！ＧＯ！マウンテンレールセット　【単価￥７５０】１入　　２ＢＹ２−４,http://img13.shop-pro.jp/PA01072/916/product/82137610.jpg?cmsp_timestamp=20151116140549,http://img13.shop-pro.jp/PA01072/916/product/82137610_o1.jpg?cmsp_timestamp=20151116140549,http://img13.shop-pro.jp/PA01072/916/product/82137610_o2.jpg?cmsp_timestamp=20151116140549,http://img13.shop-pro.jp/PA01072/916/product/82137610_o3.jpg?cmsp_timestamp=20151116140549,810,http://d-kokuya.shop-pro.jp/?pid=http://img13.shop-pro.jp/PA01072/916/product/82137610_o3.jpg?cmsp_timestamp=20151116140549,B00TONEAMS,"Official Thomas Go! Go! Electric Train Set That Includes Tracks, Train and Tunnel",1292
"縁日玩具卸 株式会社大国屋の通販サイト",4904810458791,プラレール　チャギントン　ブルースターと石橋はじめてセット　【単価￥１７５０】１入　　２ＢＹＰ−１,http://img13.shop-pro.jp/PA01072/916/product/82616481.jpg?20141028135910,http://img13.shop-pro.jp/PA01072/916/product/82616481_o1.jpg?20141028135910,http://img13.shop-pro.jp/PA01072/916/product/82616481_o2.jpg?20141028135910,http://img13.shop-pro.jp/PA01072/916/product/82616481_o3.jpg?20141028135910,1890,http://d-kokuya.shop-pro.jp/?pid=http://img13.shop-pro.jp/PA01072/916/product/82616481_o3.jpg?20141028135910,B007UVHQJ0,"Plarail Chuggington - Brewster and StoneBridge Starter Set (Model Train)",2990
"縁日玩具卸 株式会社大国屋の通販サイト",4991685200235,けしごむコレクション　和菓子　【単価￥２８】６０入,http://img13.shop-pro.jp/PA01072/916/product/82726104.jpg?20141027124449,http://img13.shop-pro.jp/PA01072/916/product/82726104_o1.jpg?20141027124449,,,1814,http://d-kokuya.shop-pro.jp/?pid=http://img13.shop-pro.jp/PA01072/916/product/82726104_o1.jpg?20141027124449,B002AEKU2C,"Iwako Japanese Puzzle Erasers - 4 Colours Fruits Sweet Cherry",1575
"縁日玩具卸 株式会社大国屋の通販サイト",4904810429944,【お買い得】　トミカ　トーマスプレイセット　【単価￥１６００】１入　　２ＢＹ２−４,http://img13.shop-pro.jp/PA01072/916/product/83341832.jpg?cmsp_timestamp=20151116141621,http://img13.shop-pro.jp/PA01072/916/product/83341832_o1.jpg?cmsp_timestamp=20151116140808,http://img13.shop-pro.jp/PA01072/916/product/83341832_o2.jpg?cmsp_timestamp=20151116140808,http://img13.shop-pro.jp/PA01072/916/product/83341832_o3.jpg?cmsp_timestamp=20151116140808,1728,http://d-kokuya.shop-pro.jp/?pid=http://img13.shop-pro.jp/PA01072/916/product/83341832_o3.jpg?cmsp_timestamp=20151116140808,B005WP2FBA,"Tomica - Thomas & Friends: Playset Thomas, Percy and Diesel 10",3455
"縁日玩具卸 株式会社大国屋の通販サイト",4510133261552,"<img class='new_mark_img1' src='http://d-kokuya.shop-pro.jp/img/new/icons24.gif' style='border:none;display:inline;margin:0px;padding:0px;width:auto;' />アナと雪の女王ダイカットぬりえセット　【単価￥３２】２４入",http://img13.shop-pro.jp/PA01072/916/product/83435520.jpg?20141114133430,http://img13.shop-pro.jp/PA01072/916/product/83435520_o1.jpg?20141114133430,,,829,http://d-kokuya.shop-pro.jp/?pid=http://img13.shop-pro.jp/PA01072/916/product/83435520_o1.jpg?20141114133430,B00QMV6L1S,"Party Bag Pack of 6 Frozen Diecut Colouring Book Set",
"縁日玩具卸 株式会社大国屋の通販サイト",4901989703127,アナ雪　ゲーム付折たたみ定規　【単価￥３０】２５入,http://img13.shop-pro.jp/PA01072/916/product/84216175.jpg?20141202134608,http://img13.shop-pro.jp/PA01072/916/product/84216175_o1.jpg?20141202134608,http://img13.shop-pro.jp/PA01072/916/product/84216175_o2.jpg?20141202134608,http://img13.shop-pro.jp/PA01072/916/product/84216175_o3.jpg?20141202134608,810,http://d-kokuya.shop-pro.jp/?pid=http://img13.shop-pro.jp/PA01072/916/product/84216175_o3.jpg?20141202134608,B00RWAHXHE,"Party Bag Pack of 6 Frozen Themed Game Drawing Shapes Transparent Foldable 30cm Ruler (3 colours x 2 set)",990
"縁日玩具卸 株式会社大国屋の通販サイト",4975887567082,ブーブーびっくりチキン　【単価￥８０】１２入,http://img13.shop-pro.jp/PA01072/916/product/84549022.jpg?20141212091204,http://img13.shop-pro.jp/PA01072/916/product/84549022_o1.jpg?20141212091204,,,1037,http://d-kokuya.shop-pro.jp/?pid=http://img13.shop-pro.jp/PA01072/916/product/84549022_o1.jpg?20141212091204,B00BC8FLQ2,"Chicken Shouting Boubou",598
"縁日玩具卸 株式会社大国屋の通販サイト",4907692021848,"ハローキティ ブリキ貯金箱　キティ　【単価￥６２】３０入",http://img13.shop-pro.jp/PA01072/916/product/88254038.jpg?20150326163330,http://img13.shop-pro.jp/PA01072/916/product/88254038_o1.jpg?20150326163330,http://img13.shop-pro.jp/PA01072/916/product/88254038_o2.jpg?20150326163330,http://img13.shop-pro.jp/PA01072/916/product/88254038_o3.jpg?20150326163330,2009,http://d-kokuya.shop-pro.jp/?pid=http://img13.shop-pro.jp/PA01072/916/product/88254038_o3.jpg?20150326163330,B001RPCUCS,"Hello Kitty : Coin Bank (Red)",625
"縁日玩具卸 株式会社大国屋の通販サイト",4560205396422,お砂ねんど　【単価￥３２】２４入,http://img13.shop-pro.jp/PA01072/916/product/90618480.jpg?cmsp_timestamp=20150820141522,http://img13.shop-pro.jp/PA01072/916/product/90618480_o1.jpg?cmsp_timestamp=20150820141522,http://img13.shop-pro.jp/PA01072/916/product/90618480_o2.jpg?cmsp_timestamp=20150820141522,http://img13.shop-pro.jp/PA01072/916/product/90618480_o3.jpg?cmsp_timestamp=20150820141522,829,http://d-kokuya.shop-pro.jp/?pid=http://img13.shop-pro.jp/PA01072/916/product/90618480_o3.jpg?cmsp_timestamp=20150820141522,B01A9X1GCI,"Contact sand clay",8072
"縁日玩具卸 株式会社大国屋の通販サイト",4978902003695,ハローキティ　はたおりき　【単価￥７５０】１入,http://img13.shop-pro.jp/PA01072/916/product/91146373.jpg?cmsp_timestamp=20150701133114,http://img13.shop-pro.jp/PA01072/916/product/91146373_o1.jpg?cmsp_timestamp=20150701133114,http://img13.shop-pro.jp/PA01072/916/product/91146373_o2.jpg?cmsp_timestamp=20150701133114,http://img13.shop-pro.jp/PA01072/916/product/91146373_o3.jpg?cmsp_timestamp=20150701133114,810,http://d-kokuya.shop-pro.jp/?pid=http://img13.shop-pro.jp/PA01072/916/product/91146373_o3.jpg?cmsp_timestamp=20150701133114,B00YE8Q6H0,"Hello Kitty Weaving Machine",2036
"縁日玩具卸 株式会社大国屋の通販サイト",4901989703813,４点メモ帳セット　ミッキー＆ミニー　【単価￥６０】１２入,http://img13.shop-pro.jp/PA01072/916/product/92944090.jpg?cmsp_timestamp=20151105113113,http://img13.shop-pro.jp/PA01072/916/product/92944090_o1.jpg?cmsp_timestamp=20151105113113,http://img13.shop-pro.jp/PA01072/916/product/92944090_o2.jpg?cmsp_timestamp=20151105113113,http://img13.shop-pro.jp/PA01072/916/product/92944090_o3.jpg?cmsp_timestamp=20151105113113,778,http://d-kokuya.shop-pro.jp/?pid=http://img13.shop-pro.jp/PA01072/916/product/92944090_o3.jpg?cmsp_timestamp=20151105113113,B0178MQK1A,"Mickey Mouse 4 pieces stationery set",328
"縁日玩具卸 株式会社大国屋の通販サイト",4543112615060,【お買い得】歩いてあつめろ　１００人ライダーバトル　【単価￥３００】１入,http://img13.shop-pro.jp/PA01072/916/product/93671124.jpg?cmsp_timestamp=20150918112848,http://img13.shop-pro.jp/PA01072/916/product/93671124_o1.jpg?cmsp_timestamp=20150918112848,http://img13.shop-pro.jp/PA01072/916/product/93671124_o2.jpg?cmsp_timestamp=20150918112848,http://img13.shop-pro.jp/PA01072/916/product/93671124_o3.jpg?cmsp_timestamp=20150918112848,324,http://d-kokuya.shop-pro.jp/?pid=http://img13.shop-pro.jp/PA01072/916/product/93671124_o3.jpg?cmsp_timestamp=20150918112848,B0041FI7XC,"100 Rider Battle Atsumero walk Rider (japan import)",1033
"縁日玩具卸 株式会社大国屋の通販サイト",4977271060032,【お買い得】ワンピースビニールペンケース　【単価￥１８】２５入,http://img13.shop-pro.jp/PA01072/916/product/95398986.jpg?cmsp_timestamp=20151111132542,http://img13.shop-pro.jp/PA01072/916/product/95398986_o1.jpg?cmsp_timestamp=20151111132542,http://img13.shop-pro.jp/PA01072/916/product/95398986_o2.jpg?cmsp_timestamp=20151111132542,http://img13.shop-pro.jp/PA01072/916/product/95398986_o3.jpg?cmsp_timestamp=20151111132542,486,http://d-kokuya.shop-pro.jp/?pid=http://img13.shop-pro.jp/PA01072/916/product/95398986_o3.jpg?cmsp_timestamp=20151111132542,B0178MQL6E,"One Piece Manga Zipper Pencil Case Pouch from Japan - Yellow",328
"縁日玩具卸 株式会社大国屋の通販サイト",4991685150097,恐竜ケシゴム　【単価￥２８】６０入,http://img13.shop-pro.jp/PA01072/916/product/95456075.jpg?cmsp_timestamp=20151113162249,http://img13.shop-pro.jp/PA01072/916/product/95456075_o1.jpg?cmsp_timestamp=20151113162249,http://img13.shop-pro.jp/PA01072/916/product/95456075_o2.jpg?cmsp_timestamp=20151113162249,http://img13.shop-pro.jp/PA01072/916/product/95456075_o3.jpg?cmsp_timestamp=20151113162249,1814,http://d-kokuya.shop-pro.jp/?pid=http://img13.shop-pro.jp/PA01072/916/product/95456075_o3.jpg?cmsp_timestamp=20151113162249,B01B5QZ98A,"Iwako Dinosaur Erasers, 8 pieces in a set",925
"縁日玩具卸 株式会社大国屋の通販サイト",4904790299001,"【お買い得】進撃の巨人　おでかけざぶとん３種アソート　【単価￥１２５】４入",http://img13.shop-pro.jp/PA01072/916/product/95709846.jpg?cmsp_timestamp=20151119115519,http://img13.shop-pro.jp/PA01072/916/product/95709846_o1.jpg?cmsp_timestamp=20151119115519,http://img13.shop-pro.jp/PA01072/916/product/95709846_o2.jpg?cmsp_timestamp=20151119115519,http://img13.shop-pro.jp/PA01072/916/product/95709846_o3.jpg?cmsp_timestamp=20151119115519,540,http://d-kokuya.shop-pro.jp/?pid=http://img13.shop-pro.jp/PA01072/916/product/95709846_o3.jpg?cmsp_timestamp=20151119115519,B00ITHK1UU,"Giant outing cushion Revival of march",
"縁日玩具卸 株式会社大国屋の通販サイト",4904790296741,【お買い得】ＬＩＮＥムーン　全長２０ｃｍぬいぐるみ　【単価￥３５０】１入,http://img13.shop-pro.jp/PA01072/916/product/96082273.jpg?cmsp_timestamp=20151201123832,http://img13.shop-pro.jp/PA01072/916/product/96082273_o1.jpg?cmsp_timestamp=20151201123832,http://img13.shop-pro.jp/PA01072/916/product/96082273_o2.jpg?cmsp_timestamp=20151201123832,http://img13.shop-pro.jp/PA01072/916/product/96082273_o3.jpg?cmsp_timestamp=20151201123832,378,http://d-kokuya.shop-pro.jp/?pid=http://img13.shop-pro.jp/PA01072/916/product/96082273_o3.jpg?cmsp_timestamp=20151201123832,B00961S6SC,"LINE Character - Moon (2S)",100
"縁日玩具卸 株式会社大国屋の通販サイト",4543112855848,【お買い得】バチ魂バット　爆裂アタック編＆鉄壁カウンター編　【単価￥５２】２４入,http://img13.shop-pro.jp/PA01072/916/product/96225898.jpg?cmsp_timestamp=20151204110730,http://img13.shop-pro.jp/PA01072/916/product/96225898_o1.jpg?cmsp_timestamp=20151204110730,http://img13.shop-pro.jp/PA01072/916/product/96225898_o2.jpg?cmsp_timestamp=20151204110730,http://img13.shop-pro.jp/PA01072/916/product/96225898_o3.jpg?cmsp_timestamp=20151204110730,1348,http://d-kokuya.shop-pro.jp/?pid=http://img13.shop-pro.jp/PA01072/916/product/96225898_o3.jpg?cmsp_timestamp=20151204110730,B00HVP6JDO,"ST01 explosion attack ed disk Wars Avengers bee soul bat",672
"縁日玩具卸 株式会社大国屋の通販サイト",4905040437631,【お買い得】名城天守閣トランプ　【単価￥８８】２４入　,http://img13.shop-pro.jp/PA01072/916/product/96601756.jpg?cmsp_timestamp=20151216122712,http://img13.shop-pro.jp/PA01072/916/product/96601756_o1.jpg?cmsp_timestamp=20151216122712,http://img13.shop-pro.jp/PA01072/916/product/96601756_o2.jpg?cmsp_timestamp=20151216122712,,2281,http://d-kokuya.shop-pro.jp/?pid=http://img13.shop-pro.jp/PA01072/916/product/96601756_o2.jpg?cmsp_timestamp=20151216122712,B0057JMABG,"Trump Meijo castle tower (japan import)",1231
"縁日玩具卸 株式会社大国屋の通販サイト",4546267018403,ＳＮＯＯＰＹ　ミニスタンプ　【単価￥２５】６０入,http://img13.shop-pro.jp/PA01072/916/product/96603945.jpg?cmsp_timestamp=20151216123014,http://img13.shop-pro.jp/PA01072/916/product/96603945_o1.jpg?cmsp_timestamp=20151216123014,http://img13.shop-pro.jp/PA01072/916/product/96603945_o2.jpg?cmsp_timestamp=20151216123014,http://img13.shop-pro.jp/PA01072/916/product/96603945_o3.jpg?cmsp_timestamp=20151216123014,1620,http://d-kokuya.shop-pro.jp/?pid=http://img13.shop-pro.jp/PA01072/916/product/96603945_o3.jpg?cmsp_timestamp=20151216123014,B019RSO8AI,"SNOOPY stamp 10item",
"縁日玩具卸 株式会社大国屋の通販サイト",4510133263297,スターウォーズ丸型スタンプ　【単価￥２８】６０入,http://img13.shop-pro.jp/PA01072/916/product/96942595.jpg?cmsp_timestamp=20151222132829,http://img13.shop-pro.jp/PA01072/916/product/96942595_o1.jpg?cmsp_timestamp=20151222132829,http://img13.shop-pro.jp/PA01072/916/product/96942595_o2.jpg?cmsp_timestamp=20151222132829,,1814,http://d-kokuya.shop-pro.jp/?pid=http://img13.shop-pro.jp/PA01072/916/product/96942595_o2.jpg?cmsp_timestamp=20151222132829,B019PJQDX4,"STARWARS Stamp　10　Item",2000
"縁日玩具卸 株式会社大国屋の通販サイト",4902888215421,"<img class='new_mark_img1' src='http://d-kokuya.shop-pro.jp/img/new/icons12.gif' style='border:none;display:inline;margin:0px;padding:0px;width:auto;' />ベジタブル　おっとっと　【単価￥５４】１０入",http://img13.shop-pro.jp/PA01072/916/product/98295538.jpg?cmsp_timestamp=20160201164938,http://img13.shop-pro.jp/PA01072/916/product/98295538_o1.jpg?cmsp_timestamp=20160201164938,http://img13.shop-pro.jp/PA01072/916/product/98295538_o2.jpg?cmsp_timestamp=20160201164938,http://img13.shop-pro.jp/PA01072/916/product/98295538_o3.jpg?cmsp_timestamp=20160201164938,583,http://d-kokuya.shop-pro.jp/?pid=http://img13.shop-pro.jp/PA01072/916/product/98295538_o3.jpg?cmsp_timestamp=20160201164938,B011Z0UCTM,"Morinaga Ottotto Consomme (2-PACK)",2000
"縁日玩具卸 株式会社大国屋の通販サイト",4902923134151,"<img class='new_mark_img1' src='http://d-kokuya.shop-pro.jp/img/new/icons12.gif' style='border:none;display:inline;margin:0px;padding:0px;width:auto;' />【お買い得】水ピストル　スカイロケット　 【単価￥３９０】１入",http://img13.shop-pro.jp/PA01072/916/product/98944483.jpg?cmsp_timestamp=20160217150800,http://img13.shop-pro.jp/PA01072/916/product/98944483_o1.jpg?cmsp_timestamp=20160217150800,http://img13.shop-pro.jp/PA01072/916/product/98944483_o2.jpg?cmsp_timestamp=20160217150800,,421,http://d-kokuya.shop-pro.jp/?pid=http://img13.shop-pro.jp/PA01072/916/product/98944483_o2.jpg?cmsp_timestamp=20160217150800,B00C3ACPIK,"Pump-Action Water Gun Sky Rocket (japan import)",3243
"縁日玩具卸 株式会社大国屋の通販サイト",4974266006129,ガムボールマシーン　【単価￥２２８】１２入,http://img13.shop-pro.jp/PA01072/916/product/69183842.jpg?20140306115310,http://img13.shop-pro.jp/PA01072/916/product/69183842_o1.jpg?20140306115310,http://img13.shop-pro.jp/PA01072/916/product/69183842_o2.jpg?20140306115310,,2955,http://d-kokuya.shop-pro.jp/?pid=http://img13.shop-pro.jp/PA01072/916/product/69183842_o2.jpg?20140306115310,B008MT1MYO,"35gX12 pieces Gee tea planning Bunny plan gum ball machine",10578
"縁日玩具卸 株式会社大国屋の通販サイト",4978902001721,キティ　さいふおしゃれ　【単価￥５４０】１入　,http://img13.shop-pro.jp/PA01072/916/product/13471862.JPG?20120404154711,http://img13.shop-pro.jp/PA01072/916/product/13471862_o1.JPG?20120404154711,http://img13.shop-pro.jp/PA01072/916/product/13471862_o2.JPG?20120404154711,http://img13.shop-pro.jp/PA01072/916/product/13471862_o3.JPG?20120404154711,583,http://d-kokuya.shop-pro.jp/?pid=http://img13.shop-pro.jp/PA01072/916/product/13471862_o3.JPG?20120404154711,B0021PPJ62,"Hello Kitty Purse with Necklace, Mirror, Lipstick & Other Accessories",714
"縁日玩具卸 株式会社大国屋の通販サイト",4991685200549,けしごむコレクション　ケーキＮｏ．２　【単価￥２８】６０入,http://img13.shop-pro.jp/PA01072/916/product/16036443.JPG?20120201105346,http://img13.shop-pro.jp/PA01072/916/product/16036443_o1.JPG?20120201105346,http://img13.shop-pro.jp/PA01072/916/product/16036443_o2.JPG?20120201105346,http://img13.shop-pro.jp/PA01072/916/product/16036443_o3.JPG?20120201105346,1814,http://d-kokuya.shop-pro.jp/?pid=http://img13.shop-pro.jp/PA01072/916/product/16036443_o3.JPG?20120201105346,B004Q89LYI,"Tart Cake Japanese Eraser from Iwako",
"縁日玩具卸 株式会社大国屋の通販サイト",4991685951069,けしごむコレクション　バーガーセット　【単価￥２８】６０入,http://img13.shop-pro.jp/PA01072/916/product/16036649.JPG?20120309153919,http://img13.shop-pro.jp/PA01072/916/product/16036649_o1.JPG?20120309153919,,,1814,http://d-kokuya.shop-pro.jp/?pid=http://img13.shop-pro.jp/PA01072/916/product/16036649_o1.JPG?20120309153919,B0016CIMZ6,"IWAKO Japanese Eraser / Food / Ice Cream / Pink",764
"縁日玩具卸 株式会社大国屋の通販サイト",4991685201034,けしごむコレクション　ハリネズミ　【単価￥２８】６０入,http://img13.shop-pro.jp/PA01072/916/product/35264444.JPG?20120309153309,http://img13.shop-pro.jp/PA01072/916/product/35264444_o1.JPG?20120309153309,,,1814,http://d-kokuya.shop-pro.jp/?pid=http://img13.shop-pro.jp/PA01072/916/product/35264444_o1.JPG?20120309153309,B004Z92ASW,"Iwako Japanese Erasers / Hedgehogs / 6pcs.",399
"縁日玩具卸 株式会社大国屋の通販サイト",4991685201119,けしごむコレクション　こけし　【単価￥２８】６０入,http://img13.shop-pro.jp/PA01072/916/product/35264495.JPG?20120309145732,http://img13.shop-pro.jp/PA01072/916/product/35264495_o1.JPG?20120309145732,,,1814,http://d-kokuya.shop-pro.jp/?pid=http://img13.shop-pro.jp/PA01072/916/product/35264495_o1.JPG?20120309145732,B0051P2CWI,"Iwako Japanese Erasers Kokeshi Dolls Set of 6",558
"縁日玩具卸 株式会社大国屋の通販サイト",4991685201188,けしごむコレクション　アメフト　【単価￥２８】６０入,http://img13.shop-pro.jp/PA01072/916/product/35264523.jpg?cmsp_timestamp=20160224164729,http://img13.shop-pro.jp/PA01072/916/product/35264523_o1.jpg?cmsp_timestamp=20160224164729,http://img13.shop-pro.jp/PA01072/916/product/35264523_o2.jpg?cmsp_timestamp=20160224164729,,1814,http://d-kokuya.shop-pro.jp/?pid=http://img13.shop-pro.jp/PA01072/916/product/35264523_o2.jpg?cmsp_timestamp=20160224164729,B005XRX89A,"Iwako Football Erasers 6 Pcs New 2011/10, #38229",599
"縁日玩具卸 株式会社大国屋の通販サイト",4991685120250,おもしろ消しゴム　開運だるま　【単価￥２８】６０入,http://img13.shop-pro.jp/PA01072/916/product/54434073.jpg?20130124135644,http://img13.shop-pro.jp/PA01072/916/product/54434073_o1.jpg?20130124135644,http://img13.shop-pro.jp/PA01072/916/product/54434073_o2.jpg?20130124135644,http://img13.shop-pro.jp/PA01072/916/product/54434073_o3.jpg?20130124135644,1814,http://d-kokuya.shop-pro.jp/?pid=http://img13.shop-pro.jp/PA01072/916/product/54434073_o3.jpg?20130124135644,B00BIJPBF6,"Iwako 7 Colours Japanese Daruma Erasers",500
"縁日玩具卸 株式会社大国屋の通販サイト",4560205392196,ホニュウビンミニミニケシゴム　【単価￥３５】２４入,http://img13.shop-pro.jp/PA01072/916/product/55220245.jpg?20130213165603,http://img13.shop-pro.jp/PA01072/916/product/55220245_o1.jpg?20130213165603,http://img13.shop-pro.jp/PA01072/916/product/55220245_o2.jpg?20130213165603,http://img13.shop-pro.jp/PA01072/916/product/55220245_o3.jpg?20130213165603,907,http://d-kokuya.shop-pro.jp/?pid=http://img13.shop-pro.jp/PA01072/916/product/55220245_o3.jpg?20130213165603,B010BX6W52,"KawaiiErasers Mini Fruit or Sea Animal Erasers in Milk Bottles (4 sets)",
"縁日玩具卸 株式会社大国屋の通販サイト",4991685130228,けしごむコレクション　子犬　【単価￥２８】６０入,http://img13.shop-pro.jp/PA01072/916/product/65330312.jpg?20131015162938,http://img13.shop-pro.jp/PA01072/916/product/65330312_o1.jpg?20131015162504,http://img13.shop-pro.jp/PA01072/916/product/65330312_o2.jpg?20131015162504,,1814,http://d-kokuya.shop-pro.jp/?pid=http://img13.shop-pro.jp/PA01072/916/product/65330312_o2.jpg?20131015162504,B00FYQM96S,"Iwako 6 Cute Small Puppy Dog with stuff Japanese Erasers (6 sets) NEW!!",599
"縁日玩具卸 株式会社大国屋の通販サイト",0000049598704,ミニコーラ　【単価￥２２．５】３０入,http://img13.shop-pro.jp/PA01072/916/product/13990427.jpg?20121129155157,http://img13.shop-pro.jp/PA01072/916/product/13990427_o1.jpg?20121129155157,,,729,http://d-kokuya.shop-pro.jp/?pid=http://img13.shop-pro.jp/PA01072/916/product/13990427_o1.jpg?20121129155157,B003BDRLZA,"Orion Mini Cola Candy, 9g x 4Pks",1966
"縁日玩具卸 株式会社大国屋の通販サイト",0000049598636,ミニサワー　【単価￥２５】３０入　,http://img13.shop-pro.jp/PA01072/916/product/13990428.jpg?20121130113744,http://img13.shop-pro.jp/PA01072/916/product/13990428_o1.jpg?20121130113744,,,810,http://d-kokuya.shop-pro.jp/?pid=http://img13.shop-pro.jp/PA01072/916/product/13990428_o1.jpg?20121130113744,B005250XQ4,"ORION Mini Sour Fizzing candies in a bottle can from Japan 9gx30",3098
