ショップ名,JANコード,商品名,商品画像URL,商品画像URL2,商品画像URL3,商品画像URL4,商品価格,商品ページURL,ASIN,日本アマゾンでの商品名,日本アマゾンでの商品価格,日本アマゾン商品画像URL,USアマゾンでの商品名,USアマゾンでの商品価格
"縁日玩具卸 株式会社大国屋の通販サイト",4903798000206,ラッキースクープ７号　【単価￥９.６】１００入　ＢＺ２−２,http://img13.shop-pro.jp/PA01072/916/product/14220178.JPG?20120214110119,http://img13.shop-pro.jp/PA01072/916/product/14220178_o1.JPG?20120214110119,http://img13.shop-pro.jp/PA01072/916/product/14220178_o2.JPG?20120214110119,,1037,http://d-kokuya.shop-pro.jp/?pid=http://img13.shop-pro.jp/PA01072/916/product/14220178_o2.JPG?20120214110119,B0016LRVCC,"すくい枠 紙付 4号100本入（ラッキースクープ）",1038,http://ecx.images-amazon.com/images/I/41Ek4SjGVeL.jpg,"No. 5, 100 pieces salvation frame with paper ( Lucky Scoop )",2154
"縁日玩具卸 株式会社大国屋の通販サイト",4544042812901,"<img class='new_mark_img1' src='http://d-kokuya.shop-pro.jp/img/new/icons24.gif' style='border:none;display:inline;margin:0px;padding:0px;width:auto;' />スーパーボール　とくとくパックすくい用　【単価￥４８】３００入",http://img13.shop-pro.jp/PA01072/916/product/39171505.jpg?cmsp_timestamp=20150523105419,http://img13.shop-pro.jp/PA01072/916/product/39171505_o1.jpg?cmsp_timestamp=20150523105419,http://img13.shop-pro.jp/PA01072/916/product/39171505_o2.jpg?20130409080423,,1555,http://d-kokuya.shop-pro.jp/?pid=http://img13.shop-pro.jp/PA01072/916/product/39171505_o2.jpg?20130409080423,B00IGMUR7A,"こどもクラブ スーパーボールとくとくパックすくい用 300入り",1500,http://ecx.images-amazon.com/images/I/510TbsSEzOL.jpg,"300 pcs Super Bowl Super Bowl salvation ( bags ) festival giveaway toys",2261
"縁日玩具卸 株式会社大国屋の通販サイト",4560205391526,【お買い得】ミッキー＆ミニー　きせかえシール　【単価￥２４】２５入　,http://img13.shop-pro.jp/PA01072/916/product/44538811.JPG?20120612124403,http://img13.shop-pro.jp/PA01072/916/product/44538811_o1.JPG?20120612124037,http://img13.shop-pro.jp/PA01072/916/product/44538811_o2.JPG?20120612124037,http://img13.shop-pro.jp/PA01072/916/product/44538811_o3.JPG?20120612124037,648,http://d-kokuya.shop-pro.jp/?pid=http://img13.shop-pro.jp/PA01072/916/product/44538811_o3.JPG?20120612124037,B00K1W16RI,ミッキー＆ミニーきせかえシール　２５入,,http://ecx.images-amazon.com/images/I/61cDmaHI2yL.jpg,"Mickey u0026 Minnie Kisekae seal 25 input",
"縁日玩具卸 株式会社大国屋の通販サイト",4544042113985,フォークリフト　【単価￥２９】２４入,http://img13.shop-pro.jp/PA01072/916/product/47654695.jpg?20120825162940,http://img13.shop-pro.jp/PA01072/916/product/47654695_o1.jpg?20120825162940,http://img13.shop-pro.jp/PA01072/916/product/47654695_o2.jpg?20120825162940,http://img13.shop-pro.jp/PA01072/916/product/47654695_o3.jpg?20120825162940,752,http://d-kokuya.shop-pro.jp/?pid=http://img13.shop-pro.jp/PA01072/916/product/47654695_o3.jpg?20120825162940,B018XGWM9E,こどもクラブ?フォークリフト?24個入?0016359,1136,http://ecx.images-amazon.com/images/I/51zq8SN57XL.jpg,"Children's club forklift 24 pieces 0016359",3773
"縁日玩具卸 株式会社大国屋の通販サイト",4971413009354,トーマス＆パーシーしゃぼん玉　【単価￥７０】１２入　　２Ｓ３−２,http://img13.shop-pro.jp/PA01072/916/product/55838033.jpg?cmsp_timestamp=20150918135939,http://img13.shop-pro.jp/PA01072/916/product/55838033_o1.jpg?cmsp_timestamp=20150918135939,http://img13.shop-pro.jp/PA01072/916/product/55838033_o2.jpg?cmsp_timestamp=20150918135939,http://img13.shop-pro.jp/PA01072/916/product/55838033_o3.jpg?cmsp_timestamp=20150918135939,907,http://d-kokuya.shop-pro.jp/?pid=http://img13.shop-pro.jp/PA01072/916/product/55838033_o3.jpg?cmsp_timestamp=20150918135939,B00IKBZXBC,トーマス＆パーシーしゃぼんだま90ｍｌ×12個入BOX　THOMAS&FRIENDS,,http://ecx.images-amazon.com/images/I/51Y-HMZdG4L.jpg,"Thomas u0026 Percy Shabondama 90ml ~ 12 pieces BOX THOMAS u0026 FRIENDS",
"縁日玩具卸 株式会社大国屋の通販サイト",4981824120203,"<img class='new_mark_img1' src='http://d-kokuya.shop-pro.jp/img/new/icons30.gif' style='border:none;display:inline;margin:0px;padding:0px;width:auto;' />りりあんあみき　【単価￥６０】１２入",http://img13.shop-pro.jp/PA01072/916/product/57851200.jpg?20130417164705,http://img13.shop-pro.jp/PA01072/916/product/57851200_o1.jpg?20130417164705,http://img13.shop-pro.jp/PA01072/916/product/57851200_o2.jpg?20130417164705,http://img13.shop-pro.jp/PA01072/916/product/57851200_o3.jpg?20130417164705,778,http://d-kokuya.shop-pro.jp/?pid=http://img13.shop-pro.jp/PA01072/916/product/57851200_o3.jpg?20130417164705,B00HGQBFK0,"リリアン 手芸 編み機 （太あみ口・中あみ口・細あみ口の3個入）",300,http://ecx.images-amazon.com/images/I/51FERVlTrBL.jpg,"Lillian Handicraft knitting machine (3 pieces of thick net mouth, medium net mouth-fine net mouth)",1710
"縁日玩具卸 株式会社大国屋の通販サイト",4510133259269,ディズニーオールスター顔柄コンパクトミラー　【単価３６】２５入,http://img13.shop-pro.jp/PA01072/916/product/62361147.jpg?20130820154741,http://img13.shop-pro.jp/PA01072/916/product/62361147_o1.jpg?20130820154741,http://img13.shop-pro.jp/PA01072/916/product/62361147_o2.jpg?20130820154741,http://img13.shop-pro.jp/PA01072/916/product/62361147_o3.jpg?20130820154741,972,http://d-kokuya.shop-pro.jp/?pid=http://img13.shop-pro.jp/PA01072/916/product/62361147_o3.jpg?20130820154741,B00F07ZG98,ディズニーフェイスコンパクトミラー　25入,1296,http://ecx.images-amazon.com/images/I/51tgvcv8t%2BL.jpg,"Disney Face Compact Mirror (25 pieces of 12 species) Party Pack",
"縁日玩具卸 株式会社大国屋の通販サイト",4546267025043,"<img class='new_mark_img1' src='http://d-kokuya.shop-pro.jp/img/new/icons24.gif' style='border:none;display:inline;margin:0px;padding:0px;width:auto;' />【お買い得】ワンピースペンケース文具セット　【単価￥５５】２４入",http://img13.shop-pro.jp/PA01072/916/product/68060125.jpg?20131213163531,http://img13.shop-pro.jp/PA01072/916/product/68060125_o1.jpg?20131213163531,http://img13.shop-pro.jp/PA01072/916/product/68060125_o2.jpg?20131213163531,http://img13.shop-pro.jp/PA01072/916/product/68060125_o3.jpg?20131213163531,1426,http://d-kokuya.shop-pro.jp/?pid=http://img13.shop-pro.jp/PA01072/916/product/68060125_o3.jpg?20131213163531,B00RWA22MA,3マンガスタイル文房具セット（3デザイン）のパーティーバッグパック,1500,http://ecx.images-amazon.com/images/I/51ugJQb0loL.jpg,"Party Bag Pack of 3 Manga Style Stationery Set (3 Designs)",1350
"縁日玩具卸 株式会社大国屋の通販サイト",4546267016614,【特価】ワンピースレジャートートＢＡＧ　【単価￥２６】１２入,http://img13.shop-pro.jp/PA01072/916/product/68634618.jpg?20131224163056,http://img13.shop-pro.jp/PA01072/916/product/68634618_o1.jpg?20131224163056,http://img13.shop-pro.jp/PA01072/916/product/68634618_o2.jpg?20131224163056,http://img13.shop-pro.jp/PA01072/916/product/68634618_o3.jpg?20131224163056,337,http://d-kokuya.shop-pro.jp/?pid=http://img13.shop-pro.jp/PA01072/916/product/68634618_o3.jpg?20131224163056,B00L3AUE9I,"ONE PIECE ワンピース レジャートート 2柄セット",980,http://ecx.images-amazon.com/images/I/51Ushfk3OBL.jpg,"Anime One Piece horizontal bag 2 pattern set",108293
"縁日玩具卸 株式会社大国屋の通販サイト",4580278047755,ＦＵＮＦＵＮドラムセット　【単価￥８１０】１入　　２ＢＹ１−２,http://img13.shop-pro.jp/PA01072/916/product/70052798.jpg?20140124150951,http://img13.shop-pro.jp/PA01072/916/product/70052798_o1.jpg?20140124150951,http://img13.shop-pro.jp/PA01072/916/product/70052798_o2.jpg?20140124150951,,875,http://d-kokuya.shop-pro.jp/?pid=http://img13.shop-pro.jp/PA01072/916/product/70052798_o2.jpg?20140124150951,B00H3YZDVM,"君もドラマー! ★Fun! Fun! ドラムセット★ [おもちゃ＆ホビー]",,http://ecx.images-amazon.com/images/I/61fP3e32xBL.jpg,"You also drummer! Fun! Fun! Drum set (japan import)",2737
"縁日玩具卸 株式会社大国屋の通販サイト",4901771011621,Ｂ５学習帳アンパンマン（じゆうちょう）青　【単価￥９０】１０入　　２ＢＹ４−１,http://img13.shop-pro.jp/PA01072/916/product/71666405.jpg?20140305125010,http://img13.shop-pro.jp/PA01072/916/product/71666405_o1.jpg?20140305125010,,,972,http://d-kokuya.shop-pro.jp/?pid=http://img13.shop-pro.jp/PA01072/916/product/71666405_o1.jpg?20140305125010,B001MT8IBG,"サンスター B5学習帳アンパンマン(じゆうちょう)F アンパンマン 5200010F",1,http://ecx.images-amazon.com/images/I/61VLa3p6D8L.jpg,"Book learning B5 blue butterfly events",731
"縁日玩具卸 株式会社大国屋の通販サイト",4901771003121,Ｂ７シール付メモアンパンマン　【単価￥６０】１０入　　２ＢＹ４−１,http://img13.shop-pro.jp/PA01072/916/product/71666586.jpg?20140305125258,http://img13.shop-pro.jp/PA01072/916/product/71666586_o1.jpg?20140305125258,,,648,http://d-kokuya.shop-pro.jp/?pid=http://img13.shop-pro.jp/PA01072/916/product/71666586_o1.jpg?20140305125258,B006MQL96A,"サンスター B7シール付メモ アンパンマン アンパンマン 3330010D",80,http://ecx.images-amazon.com/images/I/61k83IDxVSL.jpg,"Note with seal B7",467
"縁日玩具卸 株式会社大国屋の通販サイト",4904810393795,"<img class='new_mark_img1' src='http://d-kokuya.shop-pro.jp/img/new/icons29.gif' style='border:none;display:inline;margin:0px;padding:0px;width:auto;' />ティラノ＆トリケラＶＳデッキセット　【単価￥４００】１入　　２ＢＹＰ−１",http://img13.shop-pro.jp/PA01072/916/product/72381360.jpg?20140313130334,http://img13.shop-pro.jp/PA01072/916/product/72381360_o1.jpg?20140313130334,,,432,http://d-kokuya.shop-pro.jp/?pid=http://img13.shop-pro.jp/PA01072/916/product/72381360_o1.jpg?20140313130334,B004774X3W,"クサビ KBー08 ティラノ&トリケラ VSデッキセット",580,http://ecx.images-amazon.com/images/I/51C0mpbyw0L.jpg,"Wedge KB over 08 Tyranno & Torikera VS deck set",1867
"縁日玩具卸 株式会社大国屋の通販サイト",4991567521625,キティ　ファスナーマスコット　大阪６種　【単価￥５８】１２入,http://img13.shop-pro.jp/PA01072/916/product/76842422.jpg?20140623114539,http://img13.shop-pro.jp/PA01072/916/product/76842422_o1.jpg?20140623114539,http://img13.shop-pro.jp/PA01072/916/product/76842422_o2.jpg?20140623114539,,752,http://d-kokuya.shop-pro.jp/?pid=http://img13.shop-pro.jp/PA01072/916/product/76842422_o2.jpg?20140623114539,B00OWGK1SY,"ハローキティ　ファスナーマスコット 大阪限定 なにわバージョン（一寸法師）　はろうきてぃ　キティ Hello kitty",450,http://ecx.images-amazon.com/images/I/41hDOipZ5HL.jpg,"Tiny Hello Kitty Mascot Collection with Belt Clip - Black Bowl",499
"縁日玩具卸 株式会社大国屋の通販サイト",4902923134212,【お買い得】　メガ　アクアボンバーブロッシュ　【単価￥９００】１入,http://img13.shop-pro.jp/PA01072/916/product/77199394.jpg?20140702122623,http://img13.shop-pro.jp/PA01072/916/product/77199394_o1.jpg?20140702122623,,,972,http://d-kokuya.shop-pro.jp/?pid=http://img13.shop-pro.jp/PA01072/916/product/77199394_o1.jpg?20140702122623,B00C3ACQIO,"アクアボンバー ブロッシュ",,http://ecx.images-amazon.com/images/I/41F3aAS0%2B0L.jpg,"Aqua bomber Brosh",
"縁日玩具卸 株式会社大国屋の通販サイト",4978902003602,キティプチドレッサー　【単価￥５８０】１入,http://img13.shop-pro.jp/PA01072/916/product/77445290.jpg?20140708125629,http://img13.shop-pro.jp/PA01072/916/product/77445290_o1.jpg?20140708125629,http://img13.shop-pro.jp/PA01072/916/product/77445290_o2.jpg?20140708125629,,626,http://d-kokuya.shop-pro.jp/?pid=http://img13.shop-pro.jp/PA01072/916/product/77445290_o2.jpg?20140708125629,B00LGBPYW6,"ハローキティ プチドレッサー",1078,http://ecx.images-amazon.com/images/I/41H5jWzrVrL.jpg,"[Hello Kitty] Fashionable House PCH Dresser",1078
"縁日玩具卸 株式会社大国屋の通販サイト",4991685130068,けしごむコレクション　シーアニマル　【単価￥２８】６０入,http://img13.shop-pro.jp/PA01072/916/product/80076936.jpg?20140901151112,http://img13.shop-pro.jp/PA01072/916/product/80076936_o1.jpg?20140901151112,http://img13.shop-pro.jp/PA01072/916/product/80076936_o2.jpg?20140901151112,,1814,http://d-kokuya.shop-pro.jp/?pid=http://img13.shop-pro.jp/PA01072/916/product/80076936_o2.jpg?20140901151112,B00DZ93UI2,"シーアニマル消しゴム 【まとめ買い・60個】",,http://ecx.images-amazon.com/images/I/41bOjRWFLVL.jpg,"Iwako Japanese Erasers - Sea Animals (No.2)",625
"縁日玩具卸 株式会社大国屋の通販サイト",4891122801103,【お買い得】アナと雪の女王　スクエアステッカー　【単価￥２５】３０入,http://img13.shop-pro.jp/PA01072/916/product/81241562.jpg?20141023135657,http://img13.shop-pro.jp/PA01072/916/product/81241562_o1.jpg?20141023135657,http://img13.shop-pro.jp/PA01072/916/product/81241562_o2.jpg?20141023135657,,810,http://d-kokuya.shop-pro.jp/?pid=http://img13.shop-pro.jp/PA01072/916/product/81241562_o2.jpg?20141023135657,B00O8KWZQU,"【アナと雪の女王】シールセット 3柄1セット",,http://ecx.images-amazon.com/images/I/61C-ftjFnkL.jpg,"[Disney] Ana and the snow Queen die-cut sticker set 1 each of 4 patterns",1620
"縁日玩具卸 株式会社大国屋の通販サイト",4971413011203,ハローキティＮＥＷ！おでかけケースセット　【単価￥５８０】１入,http://img13.shop-pro.jp/PA01072/916/product/82137370.jpg?20141021100509,http://img13.shop-pro.jp/PA01072/916/product/82137370_o1.jpg?20141021100509,http://img13.shop-pro.jp/PA01072/916/product/82137370_o2.jpg?20141021100509,,626,http://d-kokuya.shop-pro.jp/?pid=http://img13.shop-pro.jp/PA01072/916/product/82137370_o2.jpg?20141021100509,B013GIETMC,"ハローキティ おでかけケースセット",864,http://ecx.images-amazon.com/images/I/51z31qIr2NL.jpg,"[Hello Kitty] Cassette outing",
"縁日玩具卸 株式会社大国屋の通販サイト",4562272007683,＄Ｒ／Ｃ　ラ・フェラーリ　１：１４　【単価￥３３８０】１入　,http://img13.shop-pro.jp/PA01072/916/product/83162300.jpg?20141118133143,http://img13.shop-pro.jp/PA01072/916/product/83162300_o1.jpg?20141118133143,http://img13.shop-pro.jp/PA01072/916/product/83162300_o2.jpg?20141118133143,http://img13.shop-pro.jp/PA01072/916/product/83162300_o3.jpg?20141118133143,3650,http://d-kokuya.shop-pro.jp/?pid=http://img13.shop-pro.jp/PA01072/916/product/83162300_o3.jpg?20141118133143,B00L329VQ8,"1/14 フェラーリ ラ フェラーリ ラジコンカー レッド",4980,http://ecx.images-amazon.com/images/I/51GyoZFwPkL.jpg,"RC Ferrari La Ferrari 1:14",9429
"縁日玩具卸 株式会社大国屋の通販サイト",4562272008284,"<img class='new_mark_img1' src='http://d-kokuya.shop-pro.jp/img/new/icons24.gif' style='border:none;display:inline;margin:0px;padding:0px;width:auto;' />アナと雪の女王　デカメモ＆シャープペンセット　【単価￥３５】１２入",http://img13.shop-pro.jp/PA01072/916/product/83302351.jpg?20141111130841,http://img13.shop-pro.jp/PA01072/916/product/83302351_o1.jpg?20141111130841,http://img13.shop-pro.jp/PA01072/916/product/83302351_o2.jpg?20141111130841,http://img13.shop-pro.jp/PA01072/916/product/83302351_o3.jpg?20141111130841,454,http://d-kokuya.shop-pro.jp/?pid=http://img13.shop-pro.jp/PA01072/916/product/83302351_o3.jpg?20141111130841,B00RWAHZLI,"3冷凍テーマにした30ppメモパッドのパーティーバッグパック（サイズ：143ミリメートルX 145ミリメートル）とシャープペンシル文房具セット",1500,http://ecx.images-amazon.com/images/I/51r-RUEMzTL.jpg,"Party Bag Pack of 3 Frozen themed 30pp Memo Pad (Size: 143mm x 145mm) and Mechanical Pencil Stationery set",1250
"縁日玩具卸 株式会社大国屋の通販サイト",4901771060230,ポンプッシュ　【単価￥３１０】４入,http://img13.shop-pro.jp/PA01072/916/product/83344808.jpg?20141117134802,http://img13.shop-pro.jp/PA01072/916/product/83344808_o1.jpg?20141117134802,http://img13.shop-pro.jp/PA01072/916/product/83344808_o2.jpg?20141117134802,,1339,http://d-kokuya.shop-pro.jp/?pid=http://img13.shop-pro.jp/PA01072/916/product/83344808_o2.jpg?20141117134802,B00CYYC81E,"クレオラ ポンプッシュ",510,http://ecx.images-amazon.com/images/I/41aFGD0lckL.jpg,"Kureora pop push (japan import)",2369
"縁日玩具卸 株式会社大国屋の通販サイト",4510133261637,"<img class='new_mark_img1' src='http://d-kokuya.shop-pro.jp/img/new/icons24.gif' style='border:none;display:inline;margin:0px;padding:0px;width:auto;' />アナ雪　まんまる消しゴム　【単価￥２０】２５入",http://img13.shop-pro.jp/PA01072/916/product/83750869.jpg?20141121150039,http://img13.shop-pro.jp/PA01072/916/product/83750869_o1.jpg?20141121150039,http://img13.shop-pro.jp/PA01072/916/product/83750869_o2.jpg?20141121150039,,540,http://d-kokuya.shop-pro.jp/?pid=http://img13.shop-pro.jp/PA01072/916/product/83750869_o2.jpg?20141121150039,B00RWA2A72,6ラウンド冷凍テーマ消しゴムのパーティーバッグパック（6個）,1200,http://ecx.images-amazon.com/images/I/41XXYutjWmL.jpg,"Party Bag Pack of 6 Round Frozen Themed Erasers (6 pieces)",990
"縁日玩具卸 株式会社大国屋の通販サイト",4902923136186,リモコントーマスぼくは運転手　【単価￥５８０】１入　　２ＢＹ２−３,http://img13.shop-pro.jp/PA01072/916/product/84015373.jpg?20141128135221,http://img13.shop-pro.jp/PA01072/916/product/84015373_o1.jpg?20141128135221,,,626,http://d-kokuya.shop-pro.jp/?pid=http://img13.shop-pro.jp/PA01072/916/product/84015373_o1.jpg?20141128135221,B00NPNQUW6,"きかんしゃトーマス リモコントーマス ぼくは運転手 194189",927,http://ecx.images-amazon.com/images/I/51P5YVZ8mBL.jpg,"Thomas the Tank Engine Thomas the remote control my driver 194 189",100
"縁日玩具卸 株式会社大国屋の通販サイト",4966510316078,あかちゃんトイプードル　【単価￥８９０】１入,http://img13.shop-pro.jp/PA01072/916/product/86516935.jpg?20150209132752,http://img13.shop-pro.jp/PA01072/916/product/86516935_o1.jpg?20150209132752,http://img13.shop-pro.jp/PA01072/916/product/86516935_o2.jpg?20150209132752,,961,http://d-kokuya.shop-pro.jp/?pid=http://img13.shop-pro.jp/PA01072/916/product/86516935_o2.jpg?20150209132752,B00UKWYTJQ,"あかちゃんシリーズ トイプードル",1040,http://ecx.images-amazon.com/images/I/51SRDcT1wZL.jpg,"Baby series Toy Poodle",1208
"縁日玩具卸 株式会社大国屋の通販サイト",4971413011180,ハローキティＮＥＷ！おしゃれケースセット　【単価￥５５０】１入　,http://img13.shop-pro.jp/PA01072/916/product/87044796.jpg?20150223143829,http://img13.shop-pro.jp/PA01072/916/product/87044796_o1.jpg?20150223143829,http://img13.shop-pro.jp/PA01072/916/product/87044796_o2.jpg?20150223143829,,594,http://d-kokuya.shop-pro.jp/?pid=http://img13.shop-pro.jp/PA01072/916/product/87044796_o2.jpg?20150223143829,B013GIERGA,"ハローキティ おしゃれケースセット",1172,http://ecx.images-amazon.com/images/I/41J9nonfj5L.jpg,"[Hello Kitty] Stylish cassette",1208
"縁日玩具卸 株式会社大国屋の通販サイト",4977513057332,スピン忍者たたきゲーム　【単価￥９１０】１入　　２ＢＹ２−２,http://img13.shop-pro.jp/PA01072/916/product/87225342.jpg?20150302140621,http://img13.shop-pro.jp/PA01072/916/product/87225342_o1.jpg?20150302140621,http://img13.shop-pro.jp/PA01072/916/product/87225342_o2.jpg?20150302140621,http://img13.shop-pro.jp/PA01072/916/product/87225342_o3.jpg?20150302140621,983,http://d-kokuya.shop-pro.jp/?pid=http://img13.shop-pro.jp/PA01072/916/product/87225342_o3.jpg?20150302140621,B005LAIFJW,スピン忍者たたきゲーム,1479,http://ecx.images-amazon.com/images/I/51wMVMYCHNL.jpg,"Spin ninja bashing game (japan import)",2143
"縁日玩具卸 株式会社大国屋の通販サイト",4544042106796,ジャンボ飛行機　【単価￥２８】２５入,http://img13.shop-pro.jp/PA01072/916/product/87575978.jpg?20150311135607,http://img13.shop-pro.jp/PA01072/916/product/87575978_o1.jpg?20150311135607,http://img13.shop-pro.jp/PA01072/916/product/87575978_o2.jpg?20150311135607,,756,http://d-kokuya.shop-pro.jp/?pid=http://img13.shop-pro.jp/PA01072/916/product/87575978_o2.jpg?20150311135607,B018XGWFD2,こどもクラブ?ジャンボ飛行機?25個入?0015832,1171,http://ecx.images-amazon.com/images/I/61sd3kMIQXL.jpg,"Children Club jumbo airplane 25 pieces 0015832",4101
"縁日玩具卸 株式会社大国屋の通販サイト",4991685200426,けしごむＢＯＸプチ　【単価￥２８】１５０入,http://img13.shop-pro.jp/PA01072/916/product/88260720.jpg?20150326162737,http://img13.shop-pro.jp/PA01072/916/product/88260720_o1.jpg?20150326162737,http://img13.shop-pro.jp/PA01072/916/product/88260720_o2.jpg?20150326162737,http://img13.shop-pro.jp/PA01072/916/product/88260720_o3.jpg?20150326162737,4536,http://d-kokuya.shop-pro.jp/?pid=http://img13.shop-pro.jp/PA01072/916/product/88260720_o3.jpg?20150326162737,B003CP5AP0,消しゴムＢＯＸプチ150個入り,4698,http://ecx.images-amazon.com/images/I/41jdO2EjSEL.jpg,"150 pieces eraser BOX Petit (japan import)",6070
"縁日玩具卸 株式会社大国屋の通販サイト",4907953851863,進撃の巨人マニア　【単価￥３６０】６入,http://img13.shop-pro.jp/PA01072/916/product/88478041.jpg?20150414110220,http://img13.shop-pro.jp/PA01072/916/product/88478041_o1.jpg?20150414110220,http://img13.shop-pro.jp/PA01072/916/product/88478041_o2.jpg?20150414110220,http://img13.shop-pro.jp/PA01072/916/product/88478041_o3.jpg?20150414110220,2333,http://d-kokuya.shop-pro.jp/?pid=http://img13.shop-pro.jp/PA01072/916/product/88478041_o3.jpg?20150414110220,B00JWG2Z7O,"ツミコレEVO! 進撃の巨人マニア",460,http://ecx.images-amazon.com/images/I/51LtxYXGSFL.jpg,"Giant Mania Tsumikore EVO! March",1312
"縁日玩具卸 株式会社大国屋の通販サイト",4991685140135,消しゴム　カットロールケーキ　【単価￥２８】６０入,http://img13.shop-pro.jp/PA01072/916/product/88623424.jpg?20150410135114,http://img13.shop-pro.jp/PA01072/916/product/88623424_o1.jpg?20150410135114,http://img13.shop-pro.jp/PA01072/916/product/88623424_o2.jpg?20150410135114,,1814,http://d-kokuya.shop-pro.jp/?pid=http://img13.shop-pro.jp/PA01072/916/product/88623424_o2.jpg?20150410135114,B00SS6D0FU,イワコー　カットロールケーキ消しゴム【おもしろ消しゴム】60個入,1940,http://ecx.images-amazon.com/images/I/51861xMC77L.jpg,"Iwako Japanese Puzzle Take Apart Erasers Roll Cake 4pcs (4 colors will be randomly selected)",499
"縁日玩具卸 株式会社大国屋の通販サイト",4543112893338,ビルドアップバチ魂プレート（神魔エナジー編）　【単価￥６０】２４入,http://img13.shop-pro.jp/PA01072/916/product/88688856.jpg?20150416135406,http://img13.shop-pro.jp/PA01072/916/product/88688856_o1.jpg?20150416135406,,,1555,http://d-kokuya.shop-pro.jp/?pid=http://img13.shop-pro.jp/PA01072/916/product/88688856_o1.jpg?20150416135406,B00NKWL2SE,"ディスクウォーズ アベンジャーズ バチ魂バット PD03 ビルドアップバチ魂プレート 神魔エナジー編",100,http://ecx.images-amazon.com/images/I/51ttNxKYDFL.jpg,"Marvel Disk Wars : The Avengers : Build up Bachicon Plate : PD03 Energy",783
"縁日玩具卸 株式会社大国屋の通販サイト",4543112893314,ビルドアップバチ魂プレート（鋼鉄テック編）　【単価￥６０】２４入　　２ＦＰ,http://img13.shop-pro.jp/PA01072/916/product/88688862.jpg?20150416135458,http://img13.shop-pro.jp/PA01072/916/product/88688862_o1.jpg?20150416135458,,,1555,http://d-kokuya.shop-pro.jp/?pid=http://img13.shop-pro.jp/PA01072/916/product/88688862_o1.jpg?20150416135458,B00NKWL2KC,"ディスクウォーズ アベンジャーズ バチ魂バット PD01 ビルドアップバチ魂プレート 鋼鉄テック編",100,http://ecx.images-amazon.com/images/I/51sqDVoG96L.jpg,"Marvel Disk Wars : The Avengers : Build up Bachicon Plate : PD02 Fight",392
"縁日玩具卸 株式会社大国屋の通販サイト",4543112893321,ビルドアップバチ魂プレート（拳撃ファイト編）　【単価￥６０】２４入　　２Ｒ−１,http://img13.shop-pro.jp/PA01072/916/product/88688872.jpg?20150416135547,http://img13.shop-pro.jp/PA01072/916/product/88688872_o1.jpg?20150416135547,,,1555,http://d-kokuya.shop-pro.jp/?pid=http://img13.shop-pro.jp/PA01072/916/product/88688872_o1.jpg?20150416135547,B00NKWL2OI,"ディスクウォーズ アベンジャーズ バチ魂バット PD02 ビルドアップバチ魂プレート 拳撃ファイト編",90,http://ecx.images-amazon.com/images/I/51WeA1J16SL.jpg,"Marvel Disk Wars : The Avengers : build up Bachicon Plate : PD01 Tech",506
"縁日玩具卸 株式会社大国屋の通販サイト",4560205394886,うさちゃんシュシュ　【単価￥３１】５０入,http://img13.shop-pro.jp/PA01072/916/product/88885093.jpg?20150416120405,http://img13.shop-pro.jp/PA01072/916/product/88885093_o1.jpg?20150416120405,http://img13.shop-pro.jp/PA01072/916/product/88885093_o2.jpg?20150416120405,,1674,http://d-kokuya.shop-pro.jp/?pid=http://img13.shop-pro.jp/PA01072/916/product/88885093_o2.jpg?20150416120405,B00OWH3MTS,若い女の子の??ためのウサギバニー耳オレンジ花のシフォンポニーテールヘアバンドやハンドバンド,198,http://ecx.images-amazon.com/images/I/514nFHk2EdL.jpg,"Rabbit Bunny Ear Orange Flowery Chiffon Ponytail Hair band or hand band for young girl",165
"縁日玩具卸 株式会社大国屋の通販サイト",4904810493327,炎の体育ＴＶミリオンスプーン　【単価￥９００】１入,http://img13.shop-pro.jp/PA01072/916/product/88956078.jpg?20150423100943,http://img13.shop-pro.jp/PA01072/916/product/88956078_o1.jpg?20150423100943,http://img13.shop-pro.jp/PA01072/916/product/88956078_o2.jpg?20150423100943,http://img13.shop-pro.jp/PA01072/916/product/88956078_o3.jpg?20150423100943,972,http://d-kokuya.shop-pro.jp/?pid=http://img13.shop-pro.jp/PA01072/916/product/88956078_o3.jpg?20150423100943,B00D75TV14,"炎の体育会TV ミリオンスプーン",1200,http://ecx.images-amazon.com/images/I/615-TkzXBML.jpg,"Athlete million TV spoon of flame (japan import)",3238
"縁日玩具卸 株式会社大国屋の通販サイト",4966510301067,まわりんこパンダ　【単価￥８９５】１入,http://img13.shop-pro.jp/PA01072/916/product/89709973.jpg?cmsp_timestamp=20150513122012,http://img13.shop-pro.jp/PA01072/916/product/89709973_o1.jpg?cmsp_timestamp=20150513122012,http://img13.shop-pro.jp/PA01072/916/product/89709973_o2.jpg?cmsp_timestamp=20150513122012,,967,http://d-kokuya.shop-pro.jp/?pid=http://img13.shop-pro.jp/PA01072/916/product/89709973_o2.jpg?cmsp_timestamp=20150513122012,B00H6WNAHK,まわりんこパンダ,1118,http://ecx.images-amazon.com/images/I/41CT0m-G3pL.jpg,"Mawarinko panda (japan import)",1341
"縁日玩具卸 株式会社大国屋の通販サイト",4978902003831,ハローキティ　キッチンセット　【単価￥７８０】１入,http://img13.shop-pro.jp/PA01072/916/product/90056251.jpg?cmsp_timestamp=20150522134527,http://img13.shop-pro.jp/PA01072/916/product/90056251_o1.jpg?cmsp_timestamp=20150522134527,http://img13.shop-pro.jp/PA01072/916/product/90056251_o2.jpg?cmsp_timestamp=20150522134527,,842,http://d-kokuya.shop-pro.jp/?pid=http://img13.shop-pro.jp/PA01072/916/product/90056251_o2.jpg?cmsp_timestamp=20150522134527,B00WCWW6SI,"ハローキティ キッチンセット",1000,http://ecx.images-amazon.com/images/I/51dZdWD47iL.jpg,"Hello Kitty kitchen set",1192
"縁日玩具卸 株式会社大国屋の通販サイト",4560355781864,【お買い得】タイガー＆バニー　アルミボトル　【単価￥５７】１０入,http://img13.shop-pro.jp/PA01072/916/product/90806626.jpg?cmsp_timestamp=20160220121244,http://img13.shop-pro.jp/PA01072/916/product/90806626_o1.jpg?cmsp_timestamp=20160220121244,http://img13.shop-pro.jp/PA01072/916/product/90806626_o2.jpg?cmsp_timestamp=20150615133634,http://img13.shop-pro.jp/PA01072/916/product/90806626_o3.jpg?cmsp_timestamp=20160220121244,616,http://d-kokuya.shop-pro.jp/?pid=http://img13.shop-pro.jp/PA01072/916/product/90806626_o3.jpg?cmsp_timestamp=20160220121244,B008KY5ET0,TIGER＆BUNNY　アルミボトル(虎徹),250,http://ecx.images-amazon.com/images/I/41TO783M0SL.jpg,"TIGER&BUNNY Alminum Bottle Yellow Tiger",2298
"縁日玩具卸 株式会社大国屋の通販サイト",4510133262368,ディズニー顔柄ミニスタンプ?　【単価￥３０】６０入,http://img13.shop-pro.jp/PA01072/916/product/92240895.jpg?cmsp_timestamp=20150731125751,http://img13.shop-pro.jp/PA01072/916/product/92240895_o1.jpg?cmsp_timestamp=20150731125751,,,1944,http://d-kokuya.shop-pro.jp/?pid=http://img13.shop-pro.jp/PA01072/916/product/92240895_o1.jpg?cmsp_timestamp=20150731125751,B01AAD8QDO,ディズニー　スタンプ　10種類10個セット　ミッキー　ドナルド　Disney,1110,http://ecx.images-amazon.com/images/I/41xKUKJvSSL.jpg,"Disney stamp　10　item　Mickey Mouse",2000
"縁日玩具卸 株式会社大国屋の通販サイト",4522654038483,"妖怪ウォッチＰＵレザーブレス２種アソート　【単価￥７４】１０入",http://img13.shop-pro.jp/PA01072/916/product/92825021.jpg?cmsp_timestamp=20150820163454,http://img13.shop-pro.jp/PA01072/916/product/92825021_o1.jpg?cmsp_timestamp=20150820163454,http://img13.shop-pro.jp/PA01072/916/product/92825021_o2.jpg?cmsp_timestamp=20150820163454,http://img13.shop-pro.jp/PA01072/916/product/92825021_o3.jpg?cmsp_timestamp=20150820163454,799,http://d-kokuya.shop-pro.jp/?pid=http://img13.shop-pro.jp/PA01072/916/product/92825021_o3.jpg?cmsp_timestamp=20150820163454,B00O9S1UEO,"妖怪ウォッチ[アクセサリー]PUレザーブレスレット【ジバニャン×ブルー 】",100,http://ecx.images-amazon.com/images/I/41mLJT2xMcL.jpg,"[My Melody] Specter watch Blue PU leather bracelet givagnan",531
"縁日玩具卸 株式会社大国屋の通販サイト",4510133262627,ミッキーファミリーミニスタンプ　【単価￥３０】６０入,http://img13.shop-pro.jp/PA01072/916/product/92854535.jpg?cmsp_timestamp=20150821125952,http://img13.shop-pro.jp/PA01072/916/product/92854535_o1.jpg?cmsp_timestamp=20150821125952,http://img13.shop-pro.jp/PA01072/916/product/92854535_o2.jpg?cmsp_timestamp=20150821125952,http://img13.shop-pro.jp/PA01072/916/product/92854535_o3.jpg?cmsp_timestamp=20150821125952,1944,http://d-kokuya.shop-pro.jp/?pid=http://img13.shop-pro.jp/PA01072/916/product/92854535_o3.jpg?cmsp_timestamp=20150821125952,B01AAG0ZEE,ディズニー　スタンプ　フェイス　10種類10個セット　ミッキー　ミニー,1160,http://ecx.images-amazon.com/images/I/41pnaZgfyCL.jpg,"Disney　stamp 10 item Mickey Mouse　Face",2000
"縁日玩具卸 株式会社大国屋の通販サイト",4543112924759,２WAYボードゲーム逃走中＆戦闘中X　【単価￥８７０】１入,http://img13.shop-pro.jp/PA01072/916/product/93174755.jpg?cmsp_timestamp=20150901163917,http://img13.shop-pro.jp/PA01072/916/product/93174755_o1.jpg?cmsp_timestamp=20150901163917,http://img13.shop-pro.jp/PA01072/916/product/93174755_o2.jpg?cmsp_timestamp=20150901163917,http://img13.shop-pro.jp/PA01072/916/product/93174755_o3.jpg?cmsp_timestamp=20150901163917,940,http://d-kokuya.shop-pro.jp/?pid=http://img13.shop-pro.jp/PA01072/916/product/93174755_o3.jpg?cmsp_timestamp=20150901163917,B00O3SSBZ6,"2WAYボードゲーム 逃走中&戦闘中X(クロノス)",859,http://ecx.images-amazon.com/images/I/61xhFartQHL.jpg,"2WAY board game getaway in & amp; combat in X (Kronos)",980
"縁日玩具卸 株式会社大国屋の通販サイト",4543112852014,キュートハンカチ　【単価￥３０】２５入,http://img13.shop-pro.jp/PA01072/916/product/93209922.jpg?cmsp_timestamp=20150903133410,http://img13.shop-pro.jp/PA01072/916/product/93209922_o1.jpg?cmsp_timestamp=20150903133410,http://img13.shop-pro.jp/PA01072/916/product/93209922_o2.jpg?cmsp_timestamp=20150903133410,http://img13.shop-pro.jp/PA01072/916/product/93209922_o3.jpg?cmsp_timestamp=20150903133410,810,http://d-kokuya.shop-pro.jp/?pid=http://img13.shop-pro.jp/PA01072/916/product/93209922_o3.jpg?cmsp_timestamp=20150903133410,B00FDOD1JK,アイカツ！　ハンカチ　エンジェリーシュガー,480,http://ecx.images-amazon.com/images/I/41KSbiYjW9L.jpg,"Aikatsu! Handkerchief en Jerry Sugar",
"縁日玩具卸 株式会社大国屋の通販サイト",4544042118393,ウイリービックホイールカー　【単価￥２９】２５入,http://img13.shop-pro.jp/PA01072/916/product/93277032.jpg?cmsp_timestamp=20150909125512,http://img13.shop-pro.jp/PA01072/916/product/93277032_o1.jpg?cmsp_timestamp=20150909125512,http://img13.shop-pro.jp/PA01072/916/product/93277032_o2.jpg?cmsp_timestamp=20150909125512,http://img13.shop-pro.jp/PA01072/916/product/93277032_o3.jpg?cmsp_timestamp=20150909125512,783,http://d-kokuya.shop-pro.jp/?pid=http://img13.shop-pro.jp/PA01072/916/product/93277032_o3.jpg?cmsp_timestamp=20150909125512,B018XGW80M,こどもクラブ?ウィリービックホイールカー?25個入?0016594,1185,http://ecx.images-amazon.com/images/I/51um68TPKNL.jpg,"Children's club Willie Big wheel car 25 pieces 0016594",3852
"縁日玩具卸 株式会社大国屋の通販サイト",4543112919168,妖怪ウォッチ　妖怪３Ｄカードメーカーデラックス　【単価￥１１５０】１入,http://img13.shop-pro.jp/PA01072/916/product/93666465.jpg?cmsp_timestamp=20150918114422,http://img13.shop-pro.jp/PA01072/916/product/93666465_o1.jpg?cmsp_timestamp=20150918114422,http://img13.shop-pro.jp/PA01072/916/product/93666465_o2.jpg?cmsp_timestamp=20150918114422,http://img13.shop-pro.jp/PA01072/916/product/93666465_o3.jpg?cmsp_timestamp=20150918114422,1242,http://d-kokuya.shop-pro.jp/?pid=http://img13.shop-pro.jp/PA01072/916/product/93666465_o3.jpg?cmsp_timestamp=20150918114422,B00LKBQ1TC,"妖怪ウォッチともだちウキウキペディア 妖怪3DカードメーカーDX",500,http://ecx.images-amazon.com/images/I/61deSQIJOaL.jpg,"Bandai specter watch friends exhilarated Rooms specter 3D card manufacturers DX",219
"縁日玩具卸 株式会社大国屋の通販サイト",4543112293565,【お買い得商品】わくわくタウンシリーズ　あかちゃんまん＆しょくぱんまん　【単価￥１２０】３入　,http://img13.shop-pro.jp/PA01072/916/product/94009410.jpg?cmsp_timestamp=20150929134506,http://img13.shop-pro.jp/PA01072/916/product/94009410_o1.jpg?cmsp_timestamp=20150929134506,http://img13.shop-pro.jp/PA01072/916/product/94009410_o2.jpg?cmsp_timestamp=20150929134506,,389,http://d-kokuya.shop-pro.jp/?pid=http://img13.shop-pro.jp/PA01072/916/product/94009410_o2.jpg?cmsp_timestamp=20150929134506,B00384X1YW,"アンパンマン わいわいタウンシリーズ しょくぱんまん",410,http://ecx.images-amazon.com/images/I/41dCNWGcgUL.jpg,"Town series Shokupanman noisily Anpanman (japan import)",964
"縁日玩具卸 株式会社大国屋の通販サイト",4992078111091,ＡＮＡ−２８０ネームホルダー　ドキンちゃん　【単価￥１７０】１入,http://img13.shop-pro.jp/PA01072/916/product/94925128.jpg?cmsp_timestamp=20151026165449,http://img13.shop-pro.jp/PA01072/916/product/94925128_o1.jpg?cmsp_timestamp=20151027092149,http://img13.shop-pro.jp/PA01072/916/product/94925128_o2.jpg?cmsp_timestamp=20151027092149,,184,http://d-kokuya.shop-pro.jp/?pid=http://img13.shop-pro.jp/PA01072/916/product/94925128_o2.jpg?cmsp_timestamp=20151027092149,B0017PJG9S,アンパンマンネームホルダー(ドキンちゃん),286,http://ecx.images-amazon.com/images/I/51pgKbg4vfL.jpg,"Anpanman name holder (Dokin chan)",2860
"縁日玩具卸 株式会社大国屋の通販サイト",4992078010769,ＡＮＪ−１００１ミニポシェット　アンパンマン　【単価￥６１３】１入,http://img13.shop-pro.jp/PA01072/916/product/94929460.jpg?cmsp_timestamp=20151027120730,http://img13.shop-pro.jp/PA01072/916/product/94929460_o1.jpg?cmsp_timestamp=20151027120730,http://img13.shop-pro.jp/PA01072/916/product/94929460_o2.jpg?cmsp_timestamp=20151027120730,,662,http://d-kokuya.shop-pro.jp/?pid=http://img13.shop-pro.jp/PA01072/916/product/94929460_o2.jpg?cmsp_timestamp=20151027120730,B00SMBWV9W,アンパンマンミニポシェット(アンパンマン),500,http://ecx.images-amazon.com/images/I/41ptmlPPZ9L.jpg,"[Anpanman] Mini Pochette anpanman",1636
"縁日玩具卸 株式会社大国屋の通販サイト",4992078010776,ＡＮＪ−１００１ミニポシェット　ドキンちゃん　【単価￥６１３】１入,http://img13.shop-pro.jp/PA01072/916/product/94929605.jpg?cmsp_timestamp=20151027120836,http://img13.shop-pro.jp/PA01072/916/product/94929605_o1.jpg?cmsp_timestamp=20151027120836,http://img13.shop-pro.jp/PA01072/916/product/94929605_o2.jpg?cmsp_timestamp=20151027120836,,662,http://d-kokuya.shop-pro.jp/?pid=http://img13.shop-pro.jp/PA01072/916/product/94929605_o2.jpg?cmsp_timestamp=20151027120836,B00SMBWY4Y,アンパンマンミニポシェット(ドキンちゃん),864,http://ecx.images-amazon.com/images/I/4159Qk9AkDL.jpg,"[Anpanman] Strawberry-Chan mini Pochette",1658
"縁日玩具卸 株式会社大国屋の通販サイト",4992078010868,ＡＮＪ−１２００丸ポシェット赤　アンパンマン　【単価￥７３５】１入,http://img13.shop-pro.jp/PA01072/916/product/94930791.jpg?cmsp_timestamp=20151027121032,http://img13.shop-pro.jp/PA01072/916/product/94930791_o1.jpg?cmsp_timestamp=20151027121032,http://img13.shop-pro.jp/PA01072/916/product/94930791_o2.jpg?cmsp_timestamp=20151027121032,,794,http://d-kokuya.shop-pro.jp/?pid=http://img13.shop-pro.jp/PA01072/916/product/94930791_o2.jpg?cmsp_timestamp=20151027121032,B00SMBXHHW,アンパンマン丸ポシェット(赤),1199,http://ecx.images-amazon.com/images/I/41f5kGOGdZL.jpg,"[Anpanman] Round key Red",1927
"縁日玩具卸 株式会社大国屋の通販サイト",4992078011131,ＡＮＳ−２５００かぶせリュック赤　アンパンマン　【単価￥１５３０】１入,http://img13.shop-pro.jp/PA01072/916/product/94931399.jpg?cmsp_timestamp=20151027121250,http://img13.shop-pro.jp/PA01072/916/product/94931399_o1.jpg?cmsp_timestamp=20151027121250,http://img13.shop-pro.jp/PA01072/916/product/94931399_o2.jpg?cmsp_timestamp=20151027121250,http://img13.shop-pro.jp/PA01072/916/product/94931399_o3.jpg?cmsp_timestamp=20151027121250,1652,http://d-kokuya.shop-pro.jp/?pid=http://img13.shop-pro.jp/PA01072/916/product/94931399_o3.jpg?cmsp_timestamp=20151027121250,B00SMBZ7KC,アンパンマンかぶせリュック(赤),1900,http://ecx.images-amazon.com/images/I/41Yqc6SkkfL.jpg,"[Anpanman] Cover backpack Red",3009
"縁日玩具卸 株式会社大国屋の通販サイト",4560205396583,スヌーピーレターセット　【単価￥３２】２５入　,http://img13.shop-pro.jp/PA01072/916/product/94953573.jpg?cmsp_timestamp=20151027143121,http://img13.shop-pro.jp/PA01072/916/product/94953573_o1.jpg?cmsp_timestamp=20151027143121,http://img13.shop-pro.jp/PA01072/916/product/94953573_o2.jpg?cmsp_timestamp=20151027143121,http://img13.shop-pro.jp/PA01072/916/product/94953573_o3.jpg?cmsp_timestamp=20151027143121,864,http://d-kokuya.shop-pro.jp/?pid=http://img13.shop-pro.jp/PA01072/916/product/94953573_o3.jpg?cmsp_timestamp=20151027143121,B01BK77RHK,"スヌーピー ＳＮＯＯＰＹ レター 手紙 3種類 封筒 便箋 鉛筆セット",300,http://ecx.images-amazon.com/images/I/51QR7bDqGnL.jpg,"Snoopy　letter　3 kindsSet",1000
"縁日玩具卸 株式会社大国屋の通販サイト",4994793052956,"【お買い得】仮面ライダーショッカー ぬいぐるみＬ　【単価￥６５０】２入",http://img13.shop-pro.jp/PA01072/916/product/95420671.jpg?cmsp_timestamp=20151111131954,http://img13.shop-pro.jp/PA01072/916/product/95420671_o1.jpg?cmsp_timestamp=20151111131954,http://img13.shop-pro.jp/PA01072/916/product/95420671_o2.jpg?cmsp_timestamp=20151111131954,,1404,http://d-kokuya.shop-pro.jp/?pid=http://img13.shop-pro.jp/PA01072/916/product/95420671_o2.jpg?cmsp_timestamp=20151111131954,B00KS10P7E,"仮面ライダー ショッカーぬいぐるみL ショッカー戦闘員 赤",1690,http://ecx.images-amazon.com/images/I/51wrYZIyBbL.jpg,"Rider Shocker stuffed L Shocker combatants red",2361
"縁日玩具卸 株式会社大国屋の通販サイト",4543112943897,"【お買い得】怪盗ジョーカーリアル予告ゲーム３種　【単価￥１７０】３入",http://img13.shop-pro.jp/PA01072/916/product/95758082.jpg?cmsp_timestamp=20151120143921,http://img13.shop-pro.jp/PA01072/916/product/95758082_o1.jpg?cmsp_timestamp=20151120143921,http://img13.shop-pro.jp/PA01072/916/product/95758082_o2.jpg?cmsp_timestamp=20151120143921,http://img13.shop-pro.jp/PA01072/916/product/95758082_o3.jpg?cmsp_timestamp=20151120143921,551,http://d-kokuya.shop-pro.jp/?pid=http://img13.shop-pro.jp/PA01072/916/product/95758082_o3.jpg?cmsp_timestamp=20151120143921,B00P0GATVE,"怪盗ジョーカー リアル予告状ゲーム ~豪華特急の秘密篇~",201,http://ecx.images-amazon.com/images/I/61JT27D%2ByKL.jpg,"Thief Joker Real notice-like game-luxury express the secret hen ~",398
"縁日玩具卸 株式会社大国屋の通販サイト",4510133263235,ぷかぷかまんまるスヌーピー　【単価￥３５】５０入,http://img13.shop-pro.jp/PA01072/916/product/95926051.jpg?cmsp_timestamp=20151126163154,http://img13.shop-pro.jp/PA01072/916/product/95926051_o1.jpg?cmsp_timestamp=20151126160444,http://img13.shop-pro.jp/PA01072/916/product/95926051_o2.jpg?cmsp_timestamp=20151126160150,,1890,http://d-kokuya.shop-pro.jp/?pid=http://img13.shop-pro.jp/PA01072/916/product/95926051_o2.jpg?cmsp_timestamp=20151126160150,B01AZF797Q,"スヌーピー SNOOPY ぷかぷかまんまる お風呂遊び 人形 ボール インテリア",980,http://ecx.images-amazon.com/images/I/31a-p8nKLbL.jpg,"SNOOPY Ball　6item bath　Play",2000
"縁日玩具卸 株式会社大国屋の通販サイト",4534253009528,ラジコン　１：１４　Ｒ／Ｃ　ＲＡＳＴＡＲ　フェラーリＦＦ　【単価￥３２５０】１入,http://img13.shop-pro.jp/PA01072/916/product/96125292.jpg?cmsp_timestamp=20151202164045,http://img13.shop-pro.jp/PA01072/916/product/96125292_o1.jpg?cmsp_timestamp=20151202164045,http://img13.shop-pro.jp/PA01072/916/product/96125292_o2.jpg?cmsp_timestamp=20151202164045,http://img13.shop-pro.jp/PA01072/916/product/96125292_o3.jpg?cmsp_timestamp=20151202164045,3510,http://d-kokuya.shop-pro.jp/?pid=http://img13.shop-pro.jp/PA01072/916/product/96125292_o3.jpg?cmsp_timestamp=20151202164045,B009VY82YM,"1/14 RASTAR フェラーリ FF ラジコンカー",5602,http://ecx.images-amazon.com/images/I/41wkkPixmXL.jpg,"1/14 RASTAR Ferrari FF RC Car",
"縁日玩具卸 株式会社大国屋の通販サイト",4534253009689,ラジコン　１：１４　Ｒ／Ｃ　ＲＡＳＴＡＲメルセデスベンツＳＬＳ　ＡＭＳ　【単価￥１５６０】２入,http://img13.shop-pro.jp/PA01072/916/product/96144846.jpg?cmsp_timestamp=20151202163657,http://img13.shop-pro.jp/PA01072/916/product/96144846_o1.jpg?cmsp_timestamp=20151202163657,http://img13.shop-pro.jp/PA01072/916/product/96144846_o2.jpg?cmsp_timestamp=20151202163657,http://img13.shop-pro.jp/PA01072/916/product/96144846_o3.jpg?cmsp_timestamp=20151202163657,3370,http://d-kokuya.shop-pro.jp/?pid=http://img13.shop-pro.jp/PA01072/916/product/96144846_o3.jpg?cmsp_timestamp=20151202163657,B00B2GYZIE,"ラスター 1:14 R/C メルセデスベンツSLS AMG グレー 200-968",4580,http://ecx.images-amazon.com/images/I/418enfu-E2L.jpg,"Electric R / C 1/14 Mercedes-Benz SLS AMG Silver finished product RC",4307
"縁日玩具卸 株式会社大国屋の通販サイト",4905808312026,キキララしゃぼん玉　【単価￥７０】１２入,http://img13.shop-pro.jp/PA01072/916/product/96179693.jpg?cmsp_timestamp=20151203124111,http://img13.shop-pro.jp/PA01072/916/product/96179693_o1.jpg?cmsp_timestamp=20151203124111,http://img13.shop-pro.jp/PA01072/916/product/96179693_o2.jpg?cmsp_timestamp=20151203124111,,907,http://d-kokuya.shop-pro.jp/?pid=http://img13.shop-pro.jp/PA01072/916/product/96179693_o2.jpg?cmsp_timestamp=20151203124111,B001YHM2UY,"池田工業社 キキ&ララシャボン玉あそび",,http://ecx.images-amazon.com/images/I/31VJAqF1FgL.jpg,"Little Twin Stars Kiki & Lala Liquid Soap Bottle Set (Pack of 2)",299
"縁日玩具卸 株式会社大国屋の通販サイト",4904810806745,アナ雪　ダンシングオラフ　【単価￥８１０】１入,http://img13.shop-pro.jp/PA01072/916/product/96318763.jpg?cmsp_timestamp=20151207145659,http://img13.shop-pro.jp/PA01072/916/product/96318763_o1.jpg?cmsp_timestamp=20151207145659,http://img13.shop-pro.jp/PA01072/916/product/96318763_o2.jpg?cmsp_timestamp=20151207145659,http://img13.shop-pro.jp/PA01072/916/product/96318763_o3.jpg?cmsp_timestamp=20151207145659,875,http://d-kokuya.shop-pro.jp/?pid=http://img13.shop-pro.jp/PA01072/916/product/96318763_o3.jpg?cmsp_timestamp=20151207145659,B00GNQ72II,"ディズニー フローズン ダンシングオラフ I love summer",680,http://ecx.images-amazon.com/images/I/4169PI8HG%2BL.jpg,"ディズニー フローズン ダンシングオラフ I love summer",1778
"縁日玩具卸 株式会社大国屋の通販サイト",4543112867469,アベンジャーズミュータントバチ魂ディスク５種　【単価￥３０】２４入,http://img13.shop-pro.jp/PA01072/916/product/96460962.jpg?cmsp_timestamp=20151215141016,http://img13.shop-pro.jp/PA01072/916/product/96460962_o1.jpg?cmsp_timestamp=20151215141016,http://img13.shop-pro.jp/PA01072/916/product/96460962_o2.jpg?cmsp_timestamp=20151215141016,,778,http://d-kokuya.shop-pro.jp/?pid=http://img13.shop-pro.jp/PA01072/916/product/96460962_o2.jpg?cmsp_timestamp=20151215141016,B00LBZTVPS,"ディスクウォーズ アベンジャーズ バチ魂バット AS01 ミュータントバチ魂ディスク テック編",1,http://ecx.images-amazon.com/images/I/61YmuWzOM3L.jpg,"Marvel Disk Wars: The Avengers Mutant Bachicombat As01",417
"縁日玩具卸 株式会社大国屋の通販サイト",4904790517730,【お買い得】のほほん族はなまるマーケット　【単価￥３５０】１入　,http://img13.shop-pro.jp/PA01072/916/product/96554001.jpg?cmsp_timestamp=20151215141206,http://img13.shop-pro.jp/PA01072/916/product/96554001_o1.jpg?cmsp_timestamp=20151215141206,http://img13.shop-pro.jp/PA01072/916/product/96554001_o2.jpg?cmsp_timestamp=20151215141206,http://img13.shop-pro.jp/PA01072/916/product/96554001_o3.jpg?cmsp_timestamp=20151215141206,378,http://d-kokuya.shop-pro.jp/?pid=http://img13.shop-pro.jp/PA01072/916/product/96554001_o3.jpg?cmsp_timestamp=20151215141206,B007UTU7YI,"のほほん族 花 08 はなまるマーケットタイプ",360,http://ecx.images-amazon.com/images/I/41Hb5ykZbyL.jpg,"Family flower 08 market type Hanamaru Nohohon (japan import)",1320
"縁日玩具卸 株式会社大国屋の通販サイト",4977554632406,"【お買い得】￥９５０嘘グラスシリーズ３種アソート　【単価￥２８６】４入",http://img13.shop-pro.jp/PA01072/916/product/96668276.jpg?cmsp_timestamp=20151217115110,http://img13.shop-pro.jp/PA01072/916/product/96668276_o1.jpg?cmsp_timestamp=20151217115110,http://img13.shop-pro.jp/PA01072/916/product/96668276_o2.jpg?cmsp_timestamp=20151217115110,http://img13.shop-pro.jp/PA01072/916/product/96668276_o3.jpg?cmsp_timestamp=20151217115110,1236,http://d-kokuya.shop-pro.jp/?pid=http://img13.shop-pro.jp/PA01072/916/product/96668276_o3.jpg?cmsp_timestamp=20151217115110,B004S3RU2G,"嘘 ビール",670,http://ecx.images-amazon.com/images/I/31r2azpQ6hL.jpg,"Lie beer (japan import)",1462
"縁日玩具卸 株式会社大国屋の通販サイト",4977554616444,【お買い得商品】出発スターターセット　Ｅ６系新幹線スーパーこまち　【単価￥５００】１入　,http://img13.shop-pro.jp/PA01072/916/product/96934037.jpg?cmsp_timestamp=20151221133217,http://img13.shop-pro.jp/PA01072/916/product/96934037_o1.jpg?cmsp_timestamp=20151221133217,http://img13.shop-pro.jp/PA01072/916/product/96934037_o2.jpg?cmsp_timestamp=20151221133217,http://img13.shop-pro.jp/PA01072/916/product/96934037_o3.jpg?cmsp_timestamp=20151221133217,540,http://d-kokuya.shop-pro.jp/?pid=http://img13.shop-pro.jp/PA01072/916/product/96934037_o3.jpg?cmsp_timestamp=20151221133217,B00IIHLNQC,"カラーズ T00 出発! スターターセット E6系新幹線スーパーこまち",699,,"T00 starting! Starter Set E6-based super Shinkansen Komachi Colors",1918
"縁日玩具卸 株式会社大国屋の通販サイト",4977554616505,【お買い得商品】カラーチェンジ塗装工場　【単価￥７００】１入　,http://img13.shop-pro.jp/PA01072/916/product/96934896.jpg?cmsp_timestamp=20151222134418,http://img13.shop-pro.jp/PA01072/916/product/96934896_o1.jpg?cmsp_timestamp=20151222134418,http://img13.shop-pro.jp/PA01072/916/product/96934896_o2.jpg?cmsp_timestamp=20151222134418,http://img13.shop-pro.jp/PA01072/916/product/96934896_o3.jpg?cmsp_timestamp=20151222134418,756,http://d-kokuya.shop-pro.jp/?pid=http://img13.shop-pro.jp/PA01072/916/product/96934896_o3.jpg?cmsp_timestamp=20151222134418,B00KLQ6SMW,"カラーズ カラーチェンジ塗装工場",990,http://ecx.images-amazon.com/images/I/61PmG5EIDzL.jpg,"Colors Color Change paint factory",1583
"縁日玩具卸 株式会社大国屋の通販サイト",4902555162447,プリパラプリチケコレクションチョコ　【単価￥５０】１０入,http://img13.shop-pro.jp/PA01072/916/product/97078870.jpg?cmsp_timestamp=20151225164054,http://img13.shop-pro.jp/PA01072/916/product/97078870_o1.jpg?cmsp_timestamp=20151225162547,http://img13.shop-pro.jp/PA01072/916/product/97078870_o2.jpg?cmsp_timestamp=20151225163740,http://img13.shop-pro.jp/PA01072/916/product/97078870_o3.jpg?cmsp_timestamp=20151225163740,540,http://d-kokuya.shop-pro.jp/?pid=http://img13.shop-pro.jp/PA01072/916/product/97078870_o3.jpg?cmsp_timestamp=20151225163740,B014SP5IRC,"不二家 プリパラ プリチケコレクションチョコ×10箱",885,http://ecx.images-amazon.com/images/I/51B0e8Dt0NL.jpg,0,5500
"縁日玩具卸 株式会社大国屋の通販サイト",4560113652788,【お買い得】妖怪ウォッチ　パスケースだニャン２種　【単価￥２２５】６入,http://img13.shop-pro.jp/PA01072/916/product/97117827.jpg?cmsp_timestamp=20151226165527,http://img13.shop-pro.jp/PA01072/916/product/97117827_o1.jpg?cmsp_timestamp=20151226165527,http://img13.shop-pro.jp/PA01072/916/product/97117827_o2.jpg?cmsp_timestamp=20151226165527,http://img13.shop-pro.jp/PA01072/916/product/97117827_o3.jpg?cmsp_timestamp=20151226165527,1458,http://d-kokuya.shop-pro.jp/?pid=http://img13.shop-pro.jp/PA01072/916/product/97117827_o3.jpg?cmsp_timestamp=20151226165527,B00KLV0WQK,"妖怪ウォッチ パスケースだニャン",101,http://ecx.images-amazon.com/images/I/411U3KUa--L.jpg,"Nyan 's specter Watch Pass Case",804
"縁日玩具卸 株式会社大国屋の通販サイト",4549660008538,【お買い得】　くみたてグミキット　妖怪ウォッチグミ　【単価￥２８】１４入,http://img13.shop-pro.jp/PA01072/916/product/97563430.jpg?cmsp_timestamp=20160112131720,http://img13.shop-pro.jp/PA01072/916/product/97563430_o1.jpg?cmsp_timestamp=20160112131720,http://img13.shop-pro.jp/PA01072/916/product/97563430_o2.jpg?cmsp_timestamp=20160112131720,http://img13.shop-pro.jp/PA01072/916/product/97563430_o3.jpg?cmsp_timestamp=20160112131720,423,http://d-kokuya.shop-pro.jp/?pid=http://img13.shop-pro.jp/PA01072/916/product/97563430_o3.jpg?cmsp_timestamp=20160112131720,B00ZTOYSRS,"くみたて グミキット 妖怪ウォッチグミ 14個入 食玩・グミ(妖怪ウォッチ)",1120,http://ecx.images-amazon.com/images/I/51zoKKP4AYL.jpg,"Assembly gummy kit Yokai watch gummy 14 pieces Candy Toys & Gummy (Yokai Watch)",2200
"縁日玩具卸 株式会社大国屋の通販サイト",4543112776617,仮面ライダーウィザードリングロワイヤル　【単価￥４７５】１入,http://img13.shop-pro.jp/PA01072/916/product/97889731.jpg?cmsp_timestamp=20160121131012,http://img13.shop-pro.jp/PA01072/916/product/97889731_o1.jpg?cmsp_timestamp=20160121131012,http://img13.shop-pro.jp/PA01072/916/product/97889731_o2.jpg?cmsp_timestamp=20160121131012,http://img13.shop-pro.jp/PA01072/916/product/97889731_o3.jpg?cmsp_timestamp=20160121131012,513,http://d-kokuya.shop-pro.jp/?pid=http://img13.shop-pro.jp/PA01072/916/product/97889731_o3.jpg?cmsp_timestamp=20160121131012,B00948QWS8,"仮面ライダーウィザード 争奪ゲーム! ウィザードリングロワイヤル",1026,http://ecx.images-amazon.com/images/I/515gw9DcGwL.jpg,"Kamen Rider Wizard Soudatu Game! Wizard Ring Royal",2143
"縁日玩具卸 株式会社大国屋の通販サイト",4560113651736,劇場版妖怪ウォッチクリーナー付マスコット　【単価￥２７５】１６入,http://img13.shop-pro.jp/PA01072/916/product/97912326.jpg?cmsp_timestamp=20160121130544,http://img13.shop-pro.jp/PA01072/916/product/97912326_o1.jpg?cmsp_timestamp=20160121130544,http://img13.shop-pro.jp/PA01072/916/product/97912326_o2.jpg?cmsp_timestamp=20160121130544,http://img13.shop-pro.jp/PA01072/916/product/97912326_o3.jpg?cmsp_timestamp=20160121130544,4752,http://d-kokuya.shop-pro.jp/?pid=http://img13.shop-pro.jp/PA01072/916/product/97912326_o3.jpg?cmsp_timestamp=20160121130544,B00VYK6248,"妖怪ウォッチ DXクリーナーつきマスコットだニャン ウィスベェ",240,http://ecx.images-amazon.com/images/I/41He-M5vZxL.jpg,"Yo-kai watch DX cleaner Mascot's Nyan Whisper Cell Phone Charms",824
"縁日玩具卸 株式会社大国屋の通販サイト",4905426936895,【お買い得】なかよしワンちゃんトイプードル　【単価￥３６４】１入,http://img13.shop-pro.jp/PA01072/916/product/97922713.jpg?cmsp_timestamp=20160122142303,http://img13.shop-pro.jp/PA01072/916/product/97922713_o1.jpg?cmsp_timestamp=20160122142303,http://img13.shop-pro.jp/PA01072/916/product/97922713_o2.jpg?cmsp_timestamp=20160122142303,http://img13.shop-pro.jp/PA01072/916/product/97922713_o3.jpg?cmsp_timestamp=20160122142303,393,http://d-kokuya.shop-pro.jp/?pid=http://img13.shop-pro.jp/PA01072/916/product/97922713_o3.jpg?cmsp_timestamp=20160122142303,B002JXVBW2,"なかよしワンちゃん トイプードル",972,http://ecx.images-amazon.com/images/I/31f7cQM3HkL.jpg,"Nakayoshi dog toy poodle",972
"縁日玩具卸 株式会社大国屋の通販サイト",4543112669049,【お買い得】ＶｏｏＶブーブ建設車両ミニカー２種　【単価￥１６３】６入,http://img13.shop-pro.jp/PA01072/916/product/97983565.jpg?cmsp_timestamp=20160125123503,http://img13.shop-pro.jp/PA01072/916/product/97983565_o1.jpg?cmsp_timestamp=20160125123503,http://img13.shop-pro.jp/PA01072/916/product/97983565_o2.jpg?cmsp_timestamp=20160125123503,http://img13.shop-pro.jp/PA01072/916/product/97983565_o3.jpg?cmsp_timestamp=20160125123503,1056,http://d-kokuya.shop-pro.jp/?pid=http://img13.shop-pro.jp/PA01072/916/product/97983565_o3.jpg?cmsp_timestamp=20160125123503,B004WLSPBE,"VooV(ブーブ) VM04 モリタ 空港用化学消防車(MAF-60A)~はしご車スーパージャイロラダー(MLJSH5-30W)",380,http://ecx.images-amazon.com/images/I/41gotczgefL.jpg,"Bandai VooV VM04 Transforming Toy Car [Morita Airport Chemical Fire Engine (MAF-60A) ~ Ladder Truck Super Gyro Ladder (MLJSH5-30W)]",955
"縁日玩具卸 株式会社大国屋の通販サイト",4904790234705,【お買い得】アナと雪の女王ＢＩＧギミック＆ＢＩＧぬいぐるみ　【単価￥９３６】２入,http://img13.shop-pro.jp/PA01072/916/product/97985482.jpg?cmsp_timestamp=20160122163257,http://img13.shop-pro.jp/PA01072/916/product/97985482_o1.jpg?cmsp_timestamp=20160122163257,http://img13.shop-pro.jp/PA01072/916/product/97985482_o2.jpg?cmsp_timestamp=20160122163257,http://img13.shop-pro.jp/PA01072/916/product/97985482_o3.jpg?cmsp_timestamp=20160122163257,2022,http://d-kokuya.shop-pro.jp/?pid=http://img13.shop-pro.jp/PA01072/916/product/97985482_o3.jpg?cmsp_timestamp=20160122163257,B00N0JWURO,"ディズニー アナと雪の女王 うたって♪おしゃべり!ぬいぐるみ エルサ 座高35cm",1400,http://ecx.images-amazon.com/images/I/4112PdxuNAL.jpg,"? chat ! Stuffed / Elsa The Snow Queen and Disney / Ana / singing",2165
"縁日玩具卸 株式会社大国屋の通販サイト",4543112931344,"<img class='new_mark_img1' src='http://d-kokuya.shop-pro.jp/img/new/icons12.gif' style='border:none;display:inline;margin:0px;padding:0px;width:auto;' />妖怪ウォッチ　花札　【単価￥３２５】１２入",http://img13.shop-pro.jp/PA01072/916/product/98132977.jpg?cmsp_timestamp=20160127162920,http://img13.shop-pro.jp/PA01072/916/product/98132977_o1.jpg?cmsp_timestamp=20160127162920,http://img13.shop-pro.jp/PA01072/916/product/98132977_o2.jpg?cmsp_timestamp=20160127162920,http://img13.shop-pro.jp/PA01072/916/product/98132977_o3.jpg?cmsp_timestamp=20160127162920,4212,http://d-kokuya.shop-pro.jp/?pid=http://img13.shop-pro.jp/PA01072/916/product/98132977_o3.jpg?cmsp_timestamp=20160127162920,B00T754XL6,"妖怪ウォッチ 花札",648,http://ecx.images-amazon.com/images/I/51lAEhRRvwL.jpg,"Bandai specter watch Hanafuda",1290
"縁日玩具卸 株式会社大国屋の通販サイト",4977489017217,"<img class='new_mark_img1' src='http://d-kokuya.shop-pro.jp/img/new/icons12.gif' style='border:none;display:inline;margin:0px;padding:0px;width:auto;' />学校でるでるランドセル黒　学校たんけん　【単価￥６７５】１入",http://img13.shop-pro.jp/PA01072/916/product/98142525.jpg?cmsp_timestamp=20160130130352,http://img13.shop-pro.jp/PA01072/916/product/98142525_o1.jpg?cmsp_timestamp=20160130130352,http://img13.shop-pro.jp/PA01072/916/product/98142525_o2.jpg?cmsp_timestamp=20160130130352,http://img13.shop-pro.jp/PA01072/916/product/98142525_o3.jpg?cmsp_timestamp=20160130130352,729,http://d-kokuya.shop-pro.jp/?pid=http://img13.shop-pro.jp/PA01072/916/product/98142525_o3.jpg?cmsp_timestamp=20160130130352,B00D8ORQE8,年長さんの学校でるでるランドセル<学校たんけん>,244,http://ecx.images-amazon.com/images/I/51LM75I5C2L.jpg,"School bag exiting leaving school senior's <school expedition> (japan import)",100
"縁日玩具卸 株式会社大国屋の通販サイト",4977489017224,"<img class='new_mark_img1' src='http://d-kokuya.shop-pro.jp/img/new/icons12.gif' style='border:none;display:inline;margin:0px;padding:0px;width:auto;' />学校でるでるランドセル　学校ごっこ　【単価￥６７５】１入",http://img13.shop-pro.jp/PA01072/916/product/98143305.jpg?cmsp_timestamp=20160130130450,http://img13.shop-pro.jp/PA01072/916/product/98143305_o1.jpg?cmsp_timestamp=20160130130450,http://img13.shop-pro.jp/PA01072/916/product/98143305_o2.jpg?cmsp_timestamp=20160130130450,http://img13.shop-pro.jp/PA01072/916/product/98143305_o3.jpg?cmsp_timestamp=20160130130450,729,http://d-kokuya.shop-pro.jp/?pid=http://img13.shop-pro.jp/PA01072/916/product/98143305_o3.jpg?cmsp_timestamp=20160130130450,B00D8ORQ8Y,"年長さんの学校でるでるランドセル 学校ごっこ",1666,http://ecx.images-amazon.com/images/I/51MK15CNzEL.jpg,"School bag to get out of leaving school senior's <school pretend> (japan import)",3048
"縁日玩具卸 株式会社大国屋の通販サイト",4543112944245,"<img class='new_mark_img1' src='http://d-kokuya.shop-pro.jp/img/new/icons12.gif' style='border:none;display:inline;margin:0px;padding:0px;width:auto;' />妖怪ウォッチ　妖怪くじ　２種アソート　【単価￥４７５】２入",http://img13.shop-pro.jp/PA01072/916/product/98330233.jpg?cmsp_timestamp=20160203152535,http://img13.shop-pro.jp/PA01072/916/product/98330233_o1.jpg?cmsp_timestamp=20160203152535,http://img13.shop-pro.jp/PA01072/916/product/98330233_o2.jpg?cmsp_timestamp=20160203152535,http://img13.shop-pro.jp/PA01072/916/product/98330233_o3.jpg?cmsp_timestamp=20160203152535,1026,http://d-kokuya.shop-pro.jp/?pid=http://img13.shop-pro.jp/PA01072/916/product/98330233_o3.jpg?cmsp_timestamp=20160203152535,B00TRWS3EW,"妖怪ウォッチ おうちで当てよう!妖怪くじ 本家編",500,http://ecx.images-amazon.com/images/I/61zdUZRTW-L.jpg,"Bandai Win in specter watch you out! Specter lottery Honke Hen",728
"縁日玩具卸 株式会社大国屋の通販サイト",4902595096023,"<img class='new_mark_img1' src='http://d-kokuya.shop-pro.jp/img/new/icons12.gif' style='border:none;display:inline;margin:0px;padding:0px;width:auto;' />くまモン大きいシャボン玉　【単価￥１２０】１２入",http://img13.shop-pro.jp/PA01072/916/product/98896047.jpg?cmsp_timestamp=20160215141631,http://img13.shop-pro.jp/PA01072/916/product/98896047_o1.jpg?cmsp_timestamp=20160215141631,http://img13.shop-pro.jp/PA01072/916/product/98896047_o2.jpg?cmsp_timestamp=20160215141631,,1555,http://d-kokuya.shop-pro.jp/?pid=http://img13.shop-pro.jp/PA01072/916/product/98896047_o2.jpg?cmsp_timestamp=20160215141631,B00KZLCOSK,"くまモン おっきいシャボン玉☆くまモンフィギュア付きスティック一振りでおっきいシャボン玉がすぐできちゃうよ！",864,http://ecx.images-amazon.com/images/I/61Cr%2BUgZQAL.jpg,"Kumamon Okkii Bubbles TM Okkii soap bubble in Kumamonfigyua with stick one swing is she can immediately !",2196
"縁日玩具卸 株式会社大国屋の通販サイト",4902923136001,"<img class='new_mark_img1' src='http://d-kokuya.shop-pro.jp/img/new/icons12.gif' style='border:none;display:inline;margin:0px;padding:0px;width:auto;' />【お買い得】水ピストル　グラマン　 【単価￥３９０】１入",http://img13.shop-pro.jp/PA01072/916/product/98943309.jpg?cmsp_timestamp=20160217150834,http://img13.shop-pro.jp/PA01072/916/product/98943309_o1.jpg?cmsp_timestamp=20160217150834,http://img13.shop-pro.jp/PA01072/916/product/98943309_o2.jpg?cmsp_timestamp=20160217150834,http://img13.shop-pro.jp/PA01072/916/product/98943309_o3.jpg?cmsp_timestamp=20160217150834,421,http://d-kokuya.shop-pro.jp/?pid=http://img13.shop-pro.jp/PA01072/916/product/98943309_o3.jpg?cmsp_timestamp=20160217150834,B00J8BFJ6W,"スプレッシュターゲット グラマン 190099",756,http://ecx.images-amazon.com/images/I/514TA6kr0GL.jpg,"スプレッシュターゲット グラマン 190099",1963
"縁日玩具卸 株式会社大国屋の通販サイト",4902923131853,"<img class='new_mark_img1' src='http://d-kokuya.shop-pro.jp/img/new/icons12.gif' style='border:none;display:inline;margin:0px;padding:0px;width:auto;' />【お買い得】おすなばあそびバケツ　【単価￥２３４】１入",http://img13.shop-pro.jp/PA01072/916/product/98946555.jpg?cmsp_timestamp=20160220121642,http://img13.shop-pro.jp/PA01072/916/product/98946555_o1.jpg?cmsp_timestamp=20160220121642,http://img13.shop-pro.jp/PA01072/916/product/98946555_o2.jpg?cmsp_timestamp=20160220121642,http://img13.shop-pro.jp/PA01072/916/product/98946555_o3.jpg?cmsp_timestamp=20160220121642,253,http://d-kokuya.shop-pro.jp/?pid=http://img13.shop-pro.jp/PA01072/916/product/98946555_o3.jpg?cmsp_timestamp=20160220121642,B007CKR0NG,"GO!GO!おあそびたいむ おすなばセット",583,http://ecx.images-amazon.com/images/I/41iVfWnjMnL.jpg,"Anura sandbox set GO! GO! you want to play your",2599
"縁日玩具卸 株式会社大国屋の通販サイト",4513750707311,"<img class='new_mark_img1' src='http://d-kokuya.shop-pro.jp/img/new/icons12.gif' style='border:none;display:inline;margin:0px;padding:0px;width:auto;' />ＧＯ！ＧＯ！ｗｉｔｈ　ＤＯＲＡＥＭＯＮ　ネックストラップ　【単価￥６８】１２入",http://img13.shop-pro.jp/PA01072/916/product/99291631.jpg?cmsp_timestamp=20160226161256,http://img13.shop-pro.jp/PA01072/916/product/99291631_o1.jpg?cmsp_timestamp=20160226161256,http://img13.shop-pro.jp/PA01072/916/product/99291631_o2.jpg?cmsp_timestamp=20160226161256,http://img13.shop-pro.jp/PA01072/916/product/99291631_o3.jpg?cmsp_timestamp=20160226161256,881,http://d-kokuya.shop-pro.jp/?pid=http://img13.shop-pro.jp/PA01072/916/product/99291631_o3.jpg?cmsp_timestamp=20160226161256,B01BHNMJ3E,ドラえもん　携帯ネックストラップ,700,http://ecx.images-amazon.com/images/I/21yXHDtgaQL.jpg,"Doraemon Neck Strap for Keys Phone Japanese Animation",
"縁日玩具卸 株式会社大国屋の通販サイト",0000049438185,"ソーダマーブルガム　【単価￥１５】３６入",http://img13.shop-pro.jp/PA01072/916/product/25937900.jpg?20121129160448,http://img13.shop-pro.jp/PA01072/916/product/25937900_o1.jpg?20121129160448,,,583,http://d-kokuya.shop-pro.jp/?pid=http://img13.shop-pro.jp/PA01072/916/product/25937900_o1.jpg?20121129160448,B008GQ2HU6,"丸川製菓 ソーダマーブルガム 6粒×33個",570,http://ecx.images-amazon.com/images/I/2176fCYLymL.jpg,0,5239
"縁日玩具卸 株式会社大国屋の通販サイト",4534253264408,手錠　【単価￥２１０】１入　　２ＢＹ１−３,http://img13.shop-pro.jp/PA01072/916/product/27316990.JPG?20120607105919,http://img13.shop-pro.jp/PA01072/916/product/27316990_o1.JPG?20120607105919,http://img13.shop-pro.jp/PA01072/916/product/27316990_o2.JPG?20120607105919,http://img13.shop-pro.jp/PA01072/916/product/27316990_o3.JPG?20120607105919,227,http://d-kokuya.shop-pro.jp/?pid=http://img13.shop-pro.jp/PA01072/916/product/27316990_o3.JPG?20120607105919,B009EKVLUA,手錠,260,http://ecx.images-amazon.com/images/I/41mYwOWw0pL.jpg,"Handcuffs (japan import)",707
"縁日玩具卸 株式会社大国屋の通販サイト",4580323641532,妖怪ウォッチ当　８０＋４付　【単価￥２２５０】１入,http://img13.shop-pro.jp/PA01072/916/product/77125508.jpg?cmsp_timestamp=20160223162435,http://img13.shop-pro.jp/PA01072/916/product/77125508_o1.jpg?cmsp_timestamp=20160223162435,http://img13.shop-pro.jp/PA01072/916/product/77125508_o2.jpg?cmsp_timestamp=20160223162435,,2430,http://d-kokuya.shop-pro.jp/?pid=http://img13.shop-pro.jp/PA01072/916/product/77125508_o2.jpg?cmsp_timestamp=20160223162435,B00MHI3JEM,妖怪ウォッチ当【８０付＋4オマケ】,2600,http://ecx.images-amazon.com/images/I/51osGiOWISL.jpg,"Yokai Watch our [ 80 ] with +4 bonus",3850
"縁日玩具卸 株式会社大国屋の通販サイト",4954965100236,ファンタスティック　【単価￥１１】１００入　ＢＺ２−１,http://img13.shop-pro.jp/PA01072/916/product/13471653.jpg?cmsp_timestamp=20160203162753,http://img13.shop-pro.jp/PA01072/916/product/13471653_o1.jpg?cmsp_timestamp=20160203162753,http://img13.shop-pro.jp/PA01072/916/product/13471653_o2.jpg?cmsp_timestamp=20160203162753,http://img13.shop-pro.jp/PA01072/916/product/13471653_o3.jpg?cmsp_timestamp=20160203162753,1188,http://d-kokuya.shop-pro.jp/?pid=http://img13.shop-pro.jp/PA01072/916/product/13471653_o3.jpg?cmsp_timestamp=20160203162753,B0013JWT0G,"鈴木ラテックス ファンタスティック YOYO BALLOON 100個入",1188,http://ecx.images-amazon.com/images/I/51WskMItIlL.jpg,"Fantastic yo-yo, patching with 100 input (japan import)",1799
"縁日玩具卸 株式会社大国屋の通販サイト",4902923120833,将軍刀セット（シルバー）　【単価￥４５０】１入,http://img13.shop-pro.jp/PA01072/916/product/57835631.jpg?20130416165517,http://img13.shop-pro.jp/PA01072/916/product/57835631_o1.jpg?20130416165517,http://img13.shop-pro.jp/PA01072/916/product/57835631_o2.jpg?20130416165517,http://img13.shop-pro.jp/PA01072/916/product/57835631_o3.jpg?20130416165517,486,http://d-kokuya.shop-pro.jp/?pid=http://img13.shop-pro.jp/PA01072/916/product/57835631_o3.jpg?20130416165517,B003KHIVWE,"将軍刀セット (シルバー)",577,http://ecx.images-amazon.com/images/I/41MYl7Oa%2BHL.jpg,"Shogun sword set ( Silver )",1722
"縁日玩具卸 株式会社大国屋の通販サイト",4954671000035,"<img class='new_mark_img1' src='http://d-kokuya.shop-pro.jp/img/new/icons24.gif' style='border:none;display:inline;margin:0px;padding:0px;width:auto;' />ゴールドチョコ　【単価￥２８】４５入",http://img13.shop-pro.jp/PA01072/916/product/65433742.jpg?cmsp_timestamp=20150909094007,http://img13.shop-pro.jp/PA01072/916/product/65433742_o1.jpg?cmsp_timestamp=20150909094007,http://img13.shop-pro.jp/PA01072/916/product/65433742_o2.jpg?cmsp_timestamp=20150909094007,http://img13.shop-pro.jp/PA01072/916/product/65433742_o3.jpg?20131218165852,1361,http://d-kokuya.shop-pro.jp/?pid=http://img13.shop-pro.jp/PA01072/916/product/65433742_o3.jpg?20131218165852,B00BUEZ4YW,"ゴールドチョコ 必ず当たる はずれなし 駄菓子屋パッケージ",1650,http://ecx.images-amazon.com/images/I/414JYs7dVdL.jpg,0,6921
"縁日玩具卸 株式会社大国屋の通販サイト",4901550154938,こびとづかん飼育セット　【単価￥７８】５入,http://img13.shop-pro.jp/PA01072/916/product/68273568.jpg?cmsp_timestamp=20160218155957,http://img13.shop-pro.jp/PA01072/916/product/68273568_o1.jpg?cmsp_timestamp=20160218155957,http://img13.shop-pro.jp/PA01072/916/product/68273568_o2.jpg?cmsp_timestamp=20160218155957,http://img13.shop-pro.jp/PA01072/916/product/68273568_o3.jpg?20131217161333,421,http://d-kokuya.shop-pro.jp/?pid=http://img13.shop-pro.jp/PA01072/916/product/68273568_o3.jpg?20131217161333,B00CLKW0DC,"こびとづかん飼育セット (第2弾) 5個入 BOX (食玩・ガム)",,http://ecx.images-amazon.com/images/I/61ig-rswuKL.jpg,"Breeding set does steward dwarf input BOX (2nd) five (Candy Toys & gum) (japan import)",
"縁日玩具卸 株式会社大国屋の通販サイト",4903680128100,忍者刀ガム（大）　【単価￥２２０】１２入,http://img13.shop-pro.jp/PA01072/916/product/86809015.jpg?20150216134311,http://img13.shop-pro.jp/PA01072/916/product/86809015_o1.jpg?20150216134311,http://img13.shop-pro.jp/PA01072/916/product/86809015_o2.jpg?20150216134311,,2851,http://d-kokuya.shop-pro.jp/?pid=http://img13.shop-pro.jp/PA01072/916/product/86809015_o2.jpg?20150216134311,B00F9UW38I,忍者刀ガム（大）おもしろ食玩通販/,399,http://ecx.images-amazon.com/images/I/317snI8HLFL.jpg,"Ninja sword gum (large) fun Candy Shop /",3230
"縁日玩具卸 株式会社大国屋の通販サイト",2100000010332,おめん　ウルトラマン　ウルトラマンエックス　【単価￥３００】１２入　,http://img13.shop-pro.jp/PA01072/916/product/92215051.jpg?cmsp_timestamp=20150730112651,,,,3888,http://d-kokuya.shop-pro.jp/?pid=92215051,B00CQ1RX0G,"コミックマーケット 84 DVD-ROM カタログ",,http://ecx.images-amazon.com/images/I/61KyaWeEL9L.jpg,"Comicmarket Catalog DVD Edition [2013 September]",
"縁日玩具卸 株式会社大国屋の通販サイト",4902888217951,"【お買い得】チュッパチャプスグミドリンクアソート　【単価￥３５】１０入",http://img13.shop-pro.jp/PA01072/916/product/95480386.jpg?cmsp_timestamp=20151113161550,http://img13.shop-pro.jp/PA01072/916/product/95480386_o1.jpg?cmsp_timestamp=20151113161550,http://img13.shop-pro.jp/PA01072/916/product/95480386_o2.jpg?cmsp_timestamp=20151113161550,,378,http://d-kokuya.shop-pro.jp/?pid=http://img13.shop-pro.jp/PA01072/916/product/95480386_o2.jpg?cmsp_timestamp=20151113161550,B012W0DQ7E,"森永製菓 チュッパチャプスグミ<ドリンクアソート> 80g×10袋",800,http://ecx.images-amazon.com/images/I/61qZBqoy%2BsL.jpg,0,7270
"縁日玩具卸 株式会社大国屋の通販サイト",0000045114908,ミニガムマシーン　【単価￥６７】１２入,http://img13.shop-pro.jp/PA01072/916/product/96561091.jpg?cmsp_timestamp=20151215142225,http://img13.shop-pro.jp/PA01072/916/product/96561091_o1.jpg?cmsp_timestamp=20151215142225,http://img13.shop-pro.jp/PA01072/916/product/96561091_o2.jpg?cmsp_timestamp=20151215142225,http://img13.shop-pro.jp/PA01072/916/product/96561091_o3.jpg?cmsp_timestamp=20151215142225,868,http://d-kokuya.shop-pro.jp/?pid=http://img13.shop-pro.jp/PA01072/916/product/96561091_o3.jpg?cmsp_timestamp=20151215142225,B00BXWUSPG,"ウィード ミニガムマシーン 17ｇ×12個",856,http://ecx.images-amazon.com/images/I/41bCqVnBNOL.jpg,"17gX12 pieces Weed mini gum machine",2901
"縁日玩具卸 株式会社大国屋の通販サイト",4560338210381,忍者刀ガム　【単価￥８０】１２入,http://img13.shop-pro.jp/PA01072/916/product/96597131.jpg?cmsp_timestamp=20151215143031,http://img13.shop-pro.jp/PA01072/916/product/96597131_o1.jpg?cmsp_timestamp=20151215143031,http://img13.shop-pro.jp/PA01072/916/product/96597131_o2.jpg?cmsp_timestamp=20151215143031,,1037,http://d-kokuya.shop-pro.jp/?pid=http://img13.shop-pro.jp/PA01072/916/product/96597131_o2.jpg?cmsp_timestamp=20151215143031,B00OB1UI9M,"ウィード 忍者刀ガム 12ｇ×12本",1244,http://ecx.images-amazon.com/images/I/310kSJFrzZL.jpg,"12gX12 this Weed ninja sword gum",2839
"縁日玩具卸 株式会社大国屋の通販サイト",4991685971029,けしごむコレクション　ケーキＮｏ．１　【単価￥２８】６０入,http://img13.shop-pro.jp/PA01072/916/product/16036428.JPG?20120201105308,http://img13.shop-pro.jp/PA01072/916/product/16036428_o1.JPG?20120201105308,http://img13.shop-pro.jp/PA01072/916/product/16036428_o2.JPG?20120201105308,http://img13.shop-pro.jp/PA01072/916/product/16036428_o3.JPG?20120201105308,1814,http://d-kokuya.shop-pro.jp/?pid=http://img13.shop-pro.jp/PA01072/916/product/16036428_o3.JPG?20120201105308,B0016CCU54,NO.1ケーキけしごむ（60個入り）,2060,http://ecx.images-amazon.com/images/I/317ZguttjsL.jpg,"Iwako Japanese Cakes and Donuts Eraser,7 Piece",652
"縁日玩具卸 株式会社大国屋の通販サイト",4991685200587,けしごむコレクション　かき氷　【単価￥２８】６０入,http://img13.shop-pro.jp/PA01072/916/product/16036455.JPG?20120201105807,http://img13.shop-pro.jp/PA01072/916/product/16036455_o1.JPG?20120201105807,http://img13.shop-pro.jp/PA01072/916/product/16036455_o2.JPG?20120201105807,http://img13.shop-pro.jp/PA01072/916/product/16036455_o3.JPG?20120201105807,1814,http://d-kokuya.shop-pro.jp/?pid=http://img13.shop-pro.jp/PA01072/916/product/16036455_o3.JPG?20120201105807,B0016CIN0A,"かき氷ケシゴム（アソート60個入り）",2060,http://ecx.images-amazon.com/images/I/31xwxd4cDaL.jpg,"Shave Ice Eraser 4",960
"縁日玩具卸 株式会社大国屋の通販サイト",4991685951083,けしごむコレクション　食堂　【単価￥２８】６０入,http://img13.shop-pro.jp/PA01072/916/product/16036477.JPG?20120309154005,http://img13.shop-pro.jp/PA01072/916/product/16036477_o1.JPG?20120309154005,,,1814,http://d-kokuya.shop-pro.jp/?pid=http://img13.shop-pro.jp/PA01072/916/product/16036477_o1.JPG?20120309154005,B001BLTSB4,食堂けしごむ（60個入り）,2060,http://ecx.images-amazon.com/images/I/31k4iMObnpL.jpg,"Iwako: Japanese Eraser / Food / Japanese Restaurant / 7PCS",448
"縁日玩具卸 株式会社大国屋の通販サイト",4991685200501,けしごむコレクション　中華　【単価￥２８】６０入,http://img13.shop-pro.jp/PA01072/916/product/16036549.JPG?20120309152655,http://img13.shop-pro.jp/PA01072/916/product/16036549_o1.JPG?20120309152655,,,1814,http://d-kokuya.shop-pro.jp/?pid=http://img13.shop-pro.jp/PA01072/916/product/16036549_o1.JPG?20120309152655,B003C361TQ,"中華ケシゴム（アソート60個入り）",2060,http://ecx.images-amazon.com/images/I/31yPSgw2kpL.jpg,"Chinese Food Basket with Pink Items Japanese Eraser from Iwako",599
"縁日玩具卸 株式会社大国屋の通販サイト",4991685941206,けしごむコレクション　キッチン　【単価￥２８】６０入,http://img13.shop-pro.jp/PA01072/916/product/16036637.JPG?20120309153816,http://img13.shop-pro.jp/PA01072/916/product/16036637_o1.JPG?20120309153816,,,1814,http://d-kokuya.shop-pro.jp/?pid=http://img13.shop-pro.jp/PA01072/916/product/16036637_o1.JPG?20120309153816,B001BTTERO,キッチンケシゴム（60個入り）,1940,http://ecx.images-amazon.com/images/I/41dVM3BOaDL.jpg,"Iwako: Japanese Eraser / Toy / Kitchen / 4PCS",345
"縁日玩具卸 株式会社大国屋の通販サイト",4991685951021,けしごむコレクション　お寿司　【単価￥２８】６０入,http://img13.shop-pro.jp/PA01072/916/product/16036668.JPG?20120309153851,http://img13.shop-pro.jp/PA01072/916/product/16036668_o1.JPG?20120309153851,,,1814,http://d-kokuya.shop-pro.jp/?pid=http://img13.shop-pro.jp/PA01072/916/product/16036668_o1.JPG?20120309153851,B000KI8QQW,お寿司ケシゴム（60個入り）,2060,http://ecx.images-amazon.com/images/I/51181fZHWrL.jpg,"Chef Boy Kokeshi Doll #GKU1",3756
"縁日玩具卸 株式会社大国屋の通販サイト",4991685200396,けしごむコレクション　パン屋さん　【単価￥２８】６０入,http://img13.shop-pro.jp/PA01072/916/product/16036693.JPG?20120309150059,http://img13.shop-pro.jp/PA01072/916/product/16036693_o1.JPG?20120309150059,,,1814,http://d-kokuya.shop-pro.jp/?pid=http://img13.shop-pro.jp/PA01072/916/product/16036693_o1.JPG?20120309150059,B00527Z6VO,パン屋さんケシゴム（60個入り）,2060,http://ecx.images-amazon.com/images/I/31lxY-POmPL.jpg,"Iwako Japanese Puzzle Take Apart Erasers Bakery 5pcs",115
"縁日玩具卸 株式会社大国屋の通販サイト",4991685200921,けしごむコレクション　どうぶつえん　【単価￥２８】６０入,http://img13.shop-pro.jp/PA01072/916/product/20910585.JPG?20120309153224,http://img13.shop-pro.jp/PA01072/916/product/20910585_o1.JPG?20120309153224,,,1814,http://d-kokuya.shop-pro.jp/?pid=http://img13.shop-pro.jp/PA01072/916/product/20910585_o1.JPG?20120309153224,B003M5BHKC,"どうぶつえんけしごむ（アソート60個入り）",1940,http://ecx.images-amazon.com/images/I/41bZ5gQTAtL.jpg,"Brown Elephant Japanese Eraser from Iwako",589
"縁日玩具卸 株式会社大国屋の通販サイト",4991685961143,けしごむコレクション　プレイ　【単価￥２８】６０入,http://img13.shop-pro.jp/PA01072/916/product/24447668.JPG?20120309154035,http://img13.shop-pro.jp/PA01072/916/product/24447668_o1.JPG?20120309154035,,,1814,http://d-kokuya.shop-pro.jp/?pid=http://img13.shop-pro.jp/PA01072/916/product/24447668_o1.JPG?20120309154035,B004Q8BMV8,遊び　こま消しゴム（青）,54,http://ecx.images-amazon.com/images/I/31s-e7RrqIL.jpg,"Iwako Japanese Erasers, Japanese Toys 60pcs, Made in Japan",3299
"縁日玩具卸 株式会社大国屋の通販サイト",4991685200389,けしごむコレクション　消防　【単価￥２８】６０入,http://img13.shop-pro.jp/PA01072/916/product/26165170.JPG?20120309150035,http://img13.shop-pro.jp/PA01072/916/product/26165170_o1.JPG?20120309150035,,,1814,http://d-kokuya.shop-pro.jp/?pid=http://img13.shop-pro.jp/PA01072/916/product/26165170_o1.JPG?20120309150035,B001JT8YCM,"消防消しゴム 【まとめ買い・60個】",,http://ecx.images-amazon.com/images/I/31nnn7MIIfL.jpg,"Iwako Emergency Vehicle Erasers (5 Pieces Set)",495
"縁日玩具卸 株式会社大国屋の通販サイト",4991685200471,けしごむコレクション　ポリス　【単価￥２８】６０入,http://img13.shop-pro.jp/PA01072/916/product/26165823.JPG?20120309152236,http://img13.shop-pro.jp/PA01072/916/product/26165823_o1.JPG?20120309152236,,,1814,http://d-kokuya.shop-pro.jp/?pid=http://img13.shop-pro.jp/PA01072/916/product/26165823_o1.JPG?20120309152236,B001H3MK3E,ポリスけしごむ（60個入り）,2060,http://ecx.images-amazon.com/images/I/211AjjzbY3L.jpg,"Iwako: Japanese Eraser / Toy / Police Set / 4PCS",750
"縁日玩具卸 株式会社大国屋の通販サイト",4991685200167,けしごむコレクション　スナック　【単価￥２８】６０入,http://img13.shop-pro.jp/PA01072/916/product/26249984.jpg?20121017163544,http://img13.shop-pro.jp/PA01072/916/product/26249984_o1.jpg?20121017163544,http://img13.shop-pro.jp/PA01072/916/product/26249984_o2.jpg?20121017163544,http://img13.shop-pro.jp/PA01072/916/product/26249984_o3.jpg?20121017163544,1814,http://d-kokuya.shop-pro.jp/?pid=http://img13.shop-pro.jp/PA01072/916/product/26249984_o3.jpg?20121017163544,B001ULORAW,"スナックケシゴム（アソート60個入り）",2060,http://ecx.images-amazon.com/images/I/51IFR2HzFaL.jpg,"Iwako Japanese Erasers: Snack / 6 pcs.",331
"縁日玩具卸 株式会社大国屋の通販サイト",4991685200723,けしごむコレクション　ヒコーキ　【単価￥２８】６０入,http://img13.shop-pro.jp/PA01072/916/product/34825067.JPG?20120309152834,http://img13.shop-pro.jp/PA01072/916/product/34825067_o1.JPG?20120309152834,,,1814,http://d-kokuya.shop-pro.jp/?pid=http://img13.shop-pro.jp/PA01072/916/product/34825067_o1.JPG?20120309152834,B003A094YK,"ヒコーキ消しごむ（アソート60個入り）",2060,http://ecx.images-amazon.com/images/I/41OLT5N9n%2BL.jpg,"Iwako Japan: Japanese Eraser / Toy / 2 Airplanes & 2 Helicopters / 4 Pcs (Color may vary).",599
"縁日玩具卸 株式会社大国屋の通販サイト",4991685201027,けしごむコレクション　スイーツ　【単価￥２８】６０入,http://img13.shop-pro.jp/PA01072/916/product/35264284.JPG?20120201105848,http://img13.shop-pro.jp/PA01072/916/product/35264284_o1.JPG?20120201105848,http://img13.shop-pro.jp/PA01072/916/product/35264284_o2.JPG?20120201105848,http://img13.shop-pro.jp/PA01072/916/product/35264284_o3.JPG?20120201105848,1814,http://d-kokuya.shop-pro.jp/?pid=http://img13.shop-pro.jp/PA01072/916/product/35264284_o3.JPG?20120201105848,B00506X0H4,"スイーツ消しゴム 【まとめ買い・60個】",1940,http://ecx.images-amazon.com/images/I/21laDPRy8oL.jpg,"Iwako French Macaron Pastry Japanese Eraser",768
"縁日玩具卸 株式会社大国屋の通販サイト",4991685201126,けしごむコレクション　まねき猫　【単価￥２８】６０入,http://img13.shop-pro.jp/PA01072/916/product/35264479.JPG?20120309153421,http://img13.shop-pro.jp/PA01072/916/product/35264479_o1.JPG?20120309153421,,,1814,http://d-kokuya.shop-pro.jp/?pid=http://img13.shop-pro.jp/PA01072/916/product/35264479_o1.JPG?20120309153421,B00506XJSE,"イワコー まねき猫ケシゴム ER−MAN001 アソート",1940,http://ecx.images-amazon.com/images/I/41o-6rdVjHL.jpg,"Iwako Japanese Erasers / 6pcs. Maneki Neko - Japanese Lucky Cats",550
"縁日玩具卸 株式会社大国屋の通販サイト",4991685201140,けしごむコレクション　森の動物　【単価￥２８】６０入,http://img13.shop-pro.jp/PA01072/916/product/35264630.JPG?20120309153450,http://img13.shop-pro.jp/PA01072/916/product/35264630_o1.JPG?20120309153450,,,1814,http://d-kokuya.shop-pro.jp/?pid=http://img13.shop-pro.jp/PA01072/916/product/35264630_o1.JPG?20120309153450,B006ZCGJ8E,動物　コアラ（ピンク）消しゴム,54,http://ecx.images-amazon.com/images/I/21vwNuFZlrL.jpg,"Puzzle Eraser - Monkey",195
"縁日玩具卸 株式会社大国屋の通販サイト",4991685961068,けしごむコレクション　アイス【単価￥２８】６０入,http://img13.shop-pro.jp/PA01072/916/product/37389660.jpg?20121105164711,http://img13.shop-pro.jp/PA01072/916/product/37389660_o1.jpg?20121105164711,http://img13.shop-pro.jp/PA01072/916/product/37389660_o2.jpg?20121105164711,,1814,http://d-kokuya.shop-pro.jp/?pid=http://img13.shop-pro.jp/PA01072/916/product/37389660_o2.jpg?20121105164711,B001PZSVT6,アイスケシゴム（60個入り）,2060,http://ecx.images-amazon.com/images/I/41T-KJ0x8zL.jpg,"Iwako Japanese Eraser / Ice Cream 7pcs.",398
"縁日玩具卸 株式会社大国屋の通販サイト",4991685200556,けしごむコレクション　おまもり【単価￥２８】６０入,http://img13.shop-pro.jp/PA01072/916/product/37845526.JPG?20111213114214,http://img13.shop-pro.jp/PA01072/916/product/37845526_o1.JPG?20111213114214,http://img13.shop-pro.jp/PA01072/916/product/37845526_o2.JPG?20111213114214,,1814,http://d-kokuya.shop-pro.jp/?pid=http://img13.shop-pro.jp/PA01072/916/product/37845526_o2.JPG?20111213114214,B001BKW23G,"イワコー 必勝お守り消しゴム ER−OMA001 アソート",2060,http://ecx.images-amazon.com/images/I/31sVj98qTvL.jpg,"Red Lucky Charm Eraser",699
"縁日玩具卸 株式会社大国屋の通販サイト",4991685200914,けしごむコレクション　デンタル　【単価￥２８】６０入,http://img13.shop-pro.jp/PA01072/916/product/41458550.JPG?20120326160102,http://img13.shop-pro.jp/PA01072/916/product/41458550_o1.JPG?20120326160102,http://img13.shop-pro.jp/PA01072/916/product/41458550_o2.JPG?20120326160102,,1814,http://d-kokuya.shop-pro.jp/?pid=http://img13.shop-pro.jp/PA01072/916/product/41458550_o2.JPG?20120326160102,B0032RZQLQ,"デンタル消しゴム（アソート60個入り）",1940,http://ecx.images-amazon.com/images/I/31G3vWgFwPL.jpg,"Iwako Pencil Top Erasers /Teeth - Cavity 12pcs. (4 colors)",403
"縁日玩具卸 株式会社大国屋の通販サイト",4991685941190,けしごむコレクション　くだもの　【単価￥２８】６０入,http://img13.shop-pro.jp/PA01072/916/product/41458837.JPG?20120326161038,http://img13.shop-pro.jp/PA01072/916/product/41458837_o1.JPG?20120326161038,http://img13.shop-pro.jp/PA01072/916/product/41458837_o2.JPG?20120326161038,,1814,http://d-kokuya.shop-pro.jp/?pid=http://img13.shop-pro.jp/PA01072/916/product/41458837_o2.JPG?20120326161038,B001BKW7N6,くだものケシゴム（60個入り）,2060,http://ecx.images-amazon.com/images/I/51r%2BhzTVbRL.jpg,"Iwako Miniature Eraser ""Cherry"" Assorted Colors (1 piece)",1
"縁日玩具卸 株式会社大国屋の通販サイト",4991685200617,けしごむコレクション　ボウリング　【単価￥２８】６０入,http://img13.shop-pro.jp/PA01072/916/product/41459410.JPG?20120326163229,http://img13.shop-pro.jp/PA01072/916/product/41459410_o1.JPG?20120326163229,http://img13.shop-pro.jp/PA01072/916/product/41459410_o2.JPG?20120326163229,,1814,http://d-kokuya.shop-pro.jp/?pid=http://img13.shop-pro.jp/PA01072/916/product/41459410_o2.JPG?20120326163229,B001BKW3XA,"ボウリング消しゴム（アソート60個入り）",1940,http://ecx.images-amazon.com/images/I/31BOaVA-ewL.jpg,"Miniature Bowling Eraser Set (3 bowling pins and 1 Ball) by Iwako Japan",15
"縁日玩具卸 株式会社大国屋の通販サイト",4991685200051,けしごむコレクション　かえるかも　【単価￥２８】６０入,http://img13.shop-pro.jp/PA01072/916/product/41476457.JPG?20120327090640,http://img13.shop-pro.jp/PA01072/916/product/41476457_o1.JPG?20120327090640,http://img13.shop-pro.jp/PA01072/916/product/41476457_o2.JPG?20120327090640,,1814,http://d-kokuya.shop-pro.jp/?pid=http://img13.shop-pro.jp/PA01072/916/product/41476457_o2.JPG?20120327090640,B001CEMGF0,かえるかもけしごむ（60個入り）,5161,http://ecx.images-amazon.com/images/I/51yQ6kr9qGL.jpg,"Iwako Japanese Erasers, Frogs and Ducks 6pcs, Colors may vary",697
"縁日玩具卸 株式会社大国屋の通販サイト",4991685200150,けしごむコレクション　ハムスターとパンダ　【単価￥２８】６０入,http://img13.shop-pro.jp/PA01072/916/product/41476466.JPG?20120327091148,http://img13.shop-pro.jp/PA01072/916/product/41476466_o1.JPG?20120327091148,http://img13.shop-pro.jp/PA01072/916/product/41476466_o2.JPG?20120327091148,,1814,http://d-kokuya.shop-pro.jp/?pid=http://img13.shop-pro.jp/PA01072/916/product/41476466_o2.JPG?20120327091148,B001BL40PI,ハムスターとパンダけしごむ（60個入り）,1940,http://ecx.images-amazon.com/images/I/41CuLL3eGmL.jpg,"Iwako: Japanese Eraser / Animal / Panda & Hamster / 10PCS",1590
"縁日玩具卸 株式会社大国屋の通販サイト",4991685120243,おもしろ消しゴム　郵便屋さん　【単価￥２８】６０入,http://img13.shop-pro.jp/PA01072/916/product/54433667.jpg?20130124135342,http://img13.shop-pro.jp/PA01072/916/product/54433667_o1.jpg?20130124135342,http://img13.shop-pro.jp/PA01072/916/product/54433667_o2.jpg?20130124135342,http://img13.shop-pro.jp/PA01072/916/product/54433667_o3.jpg?20130124135342,1814,http://d-kokuya.shop-pro.jp/?pid=http://img13.shop-pro.jp/PA01072/916/product/54433667_o3.jpg?20130124135342,B00BIJJP30,"イワコー 郵便屋さん消しゴム",1940,http://ecx.images-amazon.com/images/I/41Om03aDIEL.jpg,"Iwako Japanese Erasers - Red Delivery Truck and Scooter Motorbike (2pcs)",384
"縁日玩具卸 株式会社大国屋の通販サイト",4991685130150,けしごむコレクション　ＧＵＮガンＥＲ−ＧＵＮ００１　【単価￥２８】６０入,http://img13.shop-pro.jp/PA01072/916/product/65330742.jpg?20131015163313,http://img13.shop-pro.jp/PA01072/916/product/65330742_o1.jpg?20131015163313,http://img13.shop-pro.jp/PA01072/916/product/65330742_o2.jpg?20131015163313,,1814,http://d-kokuya.shop-pro.jp/?pid=http://img13.shop-pro.jp/PA01072/916/product/65330742_o2.jpg?20131015163313,B00FYQRUL2,イワコー　GUNガン消しゴム【おもしろ消しゴム】60個入,1940,http://ecx.images-amazon.com/images/I/51aKyi2QnWL.jpg,"Iwako 8 style of Model Guns Japanese Erasers (8 pieces) NEW!!",795
"縁日玩具卸 株式会社大国屋の通販サイト",4954965100229,ヨーヨーフーセンセット　【単価￥１２００】１入,http://img13.shop-pro.jp/PA01072/916/product/87509962.jpg?20150304105205,,,,1296,http://d-kokuya.shop-pro.jp/?pid=87509962,B0016JT474,"鈴木ラテックス ヨーヨーフーセンセット ポケットポンプ付き 100個入り",1350,http://ecx.images-amazon.com/images/I/51fhD6CA2TL.jpg,"100 pieces Suzuki latex yo Fusen set (pocket with pump) (japan import)",2590
"縁日玩具卸 株式会社大国屋の通販サイト",4545427000111,カタヌキハダカ　５箱セット（１箱１００枚）　【単価￥４．８】５００入,http://img13.shop-pro.jp/PA01072/916/product/14220182.JPG?20120214112812,http://img13.shop-pro.jp/PA01072/916/product/14220182_o1.JPG?20120214112812,http://img13.shop-pro.jp/PA01072/916/product/14220182_o2.JPG?20120214112812,,2592,http://d-kokuya.shop-pro.jp/?pid=http://img13.shop-pro.jp/PA01072/916/product/14220182_o2.JPG?20120214112812,B008DOR0SA,"かたぬきぬきにくい（100枚入り/1箱） HSMDA61479",750,http://ecx.images-amazon.com/images/I/416jLgrNkaL.jpg,"[Raccoon] Katanuki or 100 sheets input type easy die-cut",1946
"縁日玩具卸 株式会社大国屋の通販サイト",4542099100521,ぐらぐらグラスゲーム　【単価￥６５】１２入,http://img13.shop-pro.jp/PA01072/916/product/13989031.JPG?20120208151350,http://img13.shop-pro.jp/PA01072/916/product/13989031_o1.JPG?20120208151350,http://img13.shop-pro.jp/PA01072/916/product/13989031_o2.JPG?20120208151350,,842,http://d-kokuya.shop-pro.jp/?pid=http://img13.shop-pro.jp/PA01072/916/product/13989031_o2.JPG?20120208151350,B00CPZ0NX2,ゲーム　ぐらぐらグラス,108,http://ecx.images-amazon.com/images/I/41Yw1%2BdE8bL.jpg,"Wine Glass Balance Game",
"縁日玩具卸 株式会社大国屋の通販サイト",4534253350309,"<img class='new_mark_img1' src='http://d-kokuya.shop-pro.jp/img/new/icons33.gif' style='border:none;display:inline;margin:0px;padding:0px;width:auto;' />【お買い得】なんちゃってビアジョッキ！　【単価￥３２０】１２入",http://img13.shop-pro.jp/PA01072/916/product/54990294.jpg?20130207161925,http://img13.shop-pro.jp/PA01072/916/product/54990294_o1.jpg?20130207161925,http://img13.shop-pro.jp/PA01072/916/product/54990294_o2.jpg?20130207161925,,4147,http://d-kokuya.shop-pro.jp/?pid=http://img13.shop-pro.jp/PA01072/916/product/54990294_o2.jpg?20130207161925,B007X8OJT0,"ファーストアロー なんちゃってビアジョッキ！",701,http://ecx.images-amazon.com/images/I/61C7%2B5RayOL.jpg,"Beer stein Nanchatte first arrow! (japan import)",1829
"縁日玩具卸 株式会社大国屋の通販サイト",4901919020089,ＳＨＯＷ　ＢＹ　ＲＯＣＫ！！クリアポスターガム　【単価￥１４３】１５入,http://img13.shop-pro.jp/PA01072/916/product/95712041.jpg?cmsp_timestamp=20151120110340,http://img13.shop-pro.jp/PA01072/916/product/95712041_o1.jpg?cmsp_timestamp=20151120110340,http://img13.shop-pro.jp/PA01072/916/product/95712041_o2.jpg?cmsp_timestamp=20151120110340,http://img13.shop-pro.jp/PA01072/916/product/95712041_o3.jpg?cmsp_timestamp=20151120110340,2317,http://d-kokuya.shop-pro.jp/?pid=http://img13.shop-pro.jp/PA01072/916/product/95712041_o3.jpg?cmsp_timestamp=20151120110340,B0162SDOJC,"SHOW BY ROCK!!クリアポスターガム 15個入 食玩・ガム(サンリオ)",1110,http://ecx.images-amazon.com/images/I/41sMVPTeGnL.jpg,"SHOW BY ROCK !! Clear Poster gum 15 pcs Candy Toys & gum (Sanrio)",143
"縁日玩具卸 株式会社大国屋の通販サイト",4907692029332,ドキドキゴリラ２．０　【単価￥７１】１２入,http://img13.shop-pro.jp/PA01072/916/product/36753146.JPG?20120207153705,http://img13.shop-pro.jp/PA01072/916/product/36753146_o1.JPG?20120207153705,http://img13.shop-pro.jp/PA01072/916/product/36753146_o2.JPG?20120207153705,,920,http://d-kokuya.shop-pro.jp/?pid=http://img13.shop-pro.jp/PA01072/916/product/36753146_o2.JPG?20120207153705,B003C22FS8,ドキドキゴリラ２．０,229,http://ecx.images-amazon.com/images/I/414h5u9RwzL.jpg,"Pounding gorilla 2.0",2889
"縁日玩具卸 株式会社大国屋の通販サイト",0000049438147,オレンジガム　【単価￥１５】３６入　,http://img13.shop-pro.jp/PA01072/916/product/13990284.jpg?20121130114011,http://img13.shop-pro.jp/PA01072/916/product/13990284_o1.jpg?20121130114011,,,583,http://d-kokuya.shop-pro.jp/?pid=http://img13.shop-pro.jp/PA01072/916/product/13990284_o1.jpg?20121130114011,B0071IW4XU,"丸川製菓 オレンジマーブルガム 6粒×33個",564,http://ecx.images-amazon.com/images/I/21xIuf9R%2BRL.jpg,0,4537
"縁日玩具卸 株式会社大国屋の通販サイト",4901919000692,トップ　ワンピースガムグレープ味　５５コ＋５コ　【単価￥７、５】６０入,http://img13.shop-pro.jp/PA01072/916/product/18917548.jpg?20121130114424,http://img13.shop-pro.jp/PA01072/916/product/18917548_o1.jpg?20121130114424,,,486,http://d-kokuya.shop-pro.jp/?pid=http://img13.shop-pro.jp/PA01072/916/product/18917548_o1.jpg?20121130114424,B008FZTZRG,"トップ製菓　ONE PIECE ワンピースガム　（1箱は55個+当たり分5個）",480,http://ecx.images-amazon.com/images/I/41FG3FKJQTL.jpg,"Top - One Piece Anime Chewing Gum (Pack of 60)",
"縁日玩具卸 株式会社大国屋の通販サイト",0000049438154,いちごガム　【単価￥１５】３６入　,http://img13.shop-pro.jp/PA01072/916/product/13990285.jpg?20121130114046,http://img13.shop-pro.jp/PA01072/916/product/13990285_o1.jpg?20121130114046,,,583,http://d-kokuya.shop-pro.jp/?pid=http://img13.shop-pro.jp/PA01072/916/product/13990285_o1.jpg?20121130114046,B008GQ2WBK,"丸川製菓 いちごマーブルガム 6粒×33個",564,http://ecx.images-amazon.com/images/I/21y5QpTAoBL.jpg,0,3414
